enrollment_id,student_id,section_id
1,1,67
2,1,68
3,1,69
4,1,70
5,1,71
6,1,72
7,1,73
8,1,74
9,1,75
10,1,76
11,1,77
12,1,78
13,1,79
14,1,80
15,1,81
16,2,82
17,2,83
18,2,84
19,2,85
20,2,86
21,2,87
22,2,88
23,2,89
24,2,90
25,2,91
26,2,92
27,2,93
28,2,94
29,2,95
30,2,96
31,3,1
32,3,2
33,3,3
34,3,4
35,3,5
36,3,6
37,3,7
38,3,8
39,3,9
40,3,10
41,3,11
42,3,12
43,4,37
44,4,38
45,4,39
46,4,40
47,4,41
48,4,42
49,4,43
50,4,44
51,4,45
52,4,46
53,4,47
54,4,48
55,4,49
56,4,50
57,4,51
58,5,112
59,5,113
60,5,114
61,5,115
62,5,116
63,5,117
64,5,118
65,5,119
66,5,120
67,6,52
68,6,53
69,6,54
70,6,55
71,6,56
72,6,57
73,6,58
74,6,59
75,6,60
76,6,61
77,6,62
78,6,63
79,6,64
80,6,65
81,6,66
82,7,52
83,7,53
84,7,54
85,7,55
86,7,56
87,7,57
88,7,58
89,7,59
90,7,60
91,7,61
92,7,62
93,7,63
94,7,64
95,7,65
96,7,66
97,8,37
98,8,38
99,8,39
100,8,40
101,8,41
102,8,42
103,8,43
104,8,44
105,8,45
106,8,46
107,8,47
108,8,48
109,8,49
110,8,50
111,8,51
112,9,97
113,9,98
114,9,99
115,9,100
116,9,101
117,9,102
118,9,103
119,9,104
120,9,105
121,9,106
122,9,107
123,9,108
124,9,109
125,9,110
126,9,111
127,10,13
128,10,14
129,10,15
130,10,16
131,10,17
132,10,18
133,10,19
134,10,20
135,10,21
136,10,22
137,10,23
138,10,24
139,11,52
140,11,53
141,11,54
142,11,55
143,11,56
144,11,57
145,11,58
146,11,59
147,11,60
148,11,61
149,11,62
150,11,63
151,11,64
152,11,65
153,11,66
154,12,112
155,12,113
156,12,114
157,12,115
158,12,116
159,12,117
160,12,118
161,12,119
162,12,120
163,13,67
164,13,68
165,13,69
166,13,70
167,13,71
168,13,72
169,13,73
170,13,74
171,13,75
172,13,76
173,13,77
174,13,78
175,13,79
176,13,80
177,13,81
178,14,52
179,14,53
180,14,54
181,14,55
182,14,56
183,14,57
184,14,58
185,14,59
186,14,60
187,14,61
188,14,62
189,14,63
190,14,64
191,14,65
192,14,66
193,15,82
194,15,83
195,15,84
196,15,85
197,15,86
198,15,87
199,15,88
200,15,89
201,15,90
202,15,91
203,15,92
204,15,93
205,15,94
206,15,95
207,15,96
208,16,1
209,16,2
210,16,3
211,16,4
212,16,5
213,16,6
214,16,7
215,16,8
216,16,9
217,16,10
218,16,11
219,16,12
220,17,52
221,17,53
222,17,54
223,17,55
224,17,56
225,17,57
226,17,58
227,17,59
228,17,60
229,17,61
230,17,62
231,17,63
232,17,64
233,17,65
234,17,66
235,18,1
236,18,2
237,18,3
238,18,4
239,18,5
240,18,6
241,18,7
242,18,8
243,18,9
244,18,10
245,18,11
246,18,12
247,19,112
248,19,113
249,19,114
250,19,115
251,19,116
252,19,117
253,19,118
254,19,119
255,19,120
256,20,97
257,20,98
258,20,99
259,20,100
260,20,101
261,20,102
262,20,103
263,20,104
264,20,105
265,20,106
266,20,107
267,20,108
268,20,109
269,20,110
270,20,111
271,21,13
272,21,14
273,21,15
274,21,16
275,21,17
276,21,18
277,21,19
278,21,20
279,21,21
280,21,22
281,21,23
282,21,24
283,22,37
284,22,38
285,22,39
286,22,40
287,22,41
288,22,42
289,22,43
290,22,44
291,22,45
292,22,46
293,22,47
294,22,48
295,22,49
296,22,50
297,22,51
298,23,1
299,23,2
300,23,3
301,23,4
302,23,5
303,23,6
304,23,7
305,23,8
306,23,9
307,23,10
308,23,11
309,23,12
310,24,52
311,24,53
312,24,54
313,24,55
314,24,56
315,24,57
316,24,58
317,24,59
318,24,60
319,24,61
320,24,62
321,24,63
322,24,64
323,24,65
324,24,66
325,25,25
326,25,26
327,25,27
328,25,28
329,25,29
330,25,30
331,25,31
332,25,32
333,25,33
334,25,34
335,25,35
336,25,36
337,26,25
338,26,26
339,26,27
340,26,28
341,26,29
342,26,30
343,26,31
344,26,32
345,26,33
346,26,34
347,26,35
348,26,36
349,27,1
350,27,2
351,27,3
352,27,4
353,27,5
354,27,6
355,27,7
356,27,8
357,27,9
358,27,10
359,27,11
360,27,12
361,28,67
362,28,68
363,28,69
364,28,70
365,28,71
366,28,72
367,28,73
368,28,74
369,28,75
370,28,76
371,28,77
372,28,78
373,28,79
374,28,80
375,28,81
376,29,112
377,29,113
378,29,114
379,29,115
380,29,116
381,29,117
382,29,118
383,29,119
384,29,120
385,30,97
386,30,98
387,30,99
388,30,100
389,30,101
390,30,102
391,30,103
392,30,104
393,30,105
394,30,106
395,30,107
396,30,108
397,30,109
398,30,110
399,30,111
400,31,67
401,31,68
402,31,69
403,31,70
404,31,71
405,31,72
406,31,73
407,31,74
408,31,75
409,31,76
410,31,77
411,31,78
412,31,79
413,31,80
414,31,81
415,32,13
416,32,14
417,32,15
418,32,16
419,32,17
420,32,18
421,32,19
422,32,20
423,32,21
424,32,22
425,32,23
426,32,24
427,33,1
428,33,2
429,33,3
430,33,4
431,33,5
432,33,6
433,33,7
434,33,8
435,33,9
436,33,10
437,33,11
438,33,12
439,34,1
440,34,2
441,34,3
442,34,4
443,34,5
444,34,6
445,34,7
446,34,8
447,34,9
448,34,10
449,34,11
450,34,12
451,35,67
452,35,68
453,35,69
454,35,70
455,35,71
456,35,72
457,35,73
458,35,74
459,35,75
460,35,76
461,35,77
462,35,78
463,35,79
464,35,80
465,35,81
466,36,13
467,36,14
468,36,15
469,36,16
470,36,17
471,36,18
472,36,19
473,36,20
474,36,21
475,36,22
476,36,23
477,36,24
478,37,82
479,37,83
480,37,84
481,37,85
482,37,86
483,37,87
484,37,88
485,37,89
486,37,90
487,37,91
488,37,92
489,37,93
490,37,94
491,37,95
492,37,96
493,38,82
494,38,83
495,38,84
496,38,85
497,38,86
498,38,87
499,38,88
500,38,89
501,38,90
502,38,91
503,38,92
504,38,93
505,38,94
506,38,95
507,38,96
508,39,52
509,39,53
510,39,54
511,39,55
512,39,56
513,39,57
514,39,58
515,39,59
516,39,60
517,39,61
518,39,62
519,39,63
520,39,64
521,39,65
522,39,66
523,40,67
524,40,68
525,40,69
526,40,70
527,40,71
528,40,72
529,40,73
530,40,74
531,40,75
532,40,76
533,40,77
534,40,78
535,40,79
536,40,80
537,40,81
538,41,1
539,41,2
540,41,3
541,41,4
542,41,5
543,41,6
544,41,7
545,41,8
546,41,9
547,41,10
548,41,11
549,41,12
550,42,37
551,42,38
552,42,39
553,42,40
554,42,41
555,42,42
556,42,43
557,42,44
558,42,45
559,42,46
560,42,47
561,42,48
562,42,49
563,42,50
564,42,51
565,43,25
566,43,26
567,43,27
568,43,28
569,43,29
570,43,30
571,43,31
572,43,32
573,43,33
574,43,34
575,43,35
576,43,36
577,44,37
578,44,38
579,44,39
580,44,40
581,44,41
582,44,42
583,44,43
584,44,44
585,44,45
586,44,46
587,44,47
588,44,48
589,44,49
590,44,50
591,44,51
592,45,37
593,45,38
594,45,39
595,45,40
596,45,41
597,45,42
598,45,43
599,45,44
600,45,45
601,45,46
602,45,47
603,45,48
604,45,49
605,45,50
606,45,51
607,46,52
608,46,53
609,46,54
610,46,55
611,46,56
612,46,57
613,46,58
614,46,59
615,46,60
616,46,61
617,46,62
618,46,63
619,46,64
620,46,65
621,46,66
622,47,82
623,47,83
624,47,84
625,47,85
626,47,86
627,47,87
628,47,88
629,47,89
630,47,90
631,47,91
632,47,92
633,47,93
634,47,94
635,47,95
636,47,96
637,48,82
638,48,83
639,48,84
640,48,85
641,48,86
642,48,87
643,48,88
644,48,89
645,48,90
646,48,91
647,48,92
648,48,93
649,48,94
650,48,95
651,48,96
652,49,37
653,49,38
654,49,39
655,49,40
656,49,41
657,49,42
658,49,43
659,49,44
660,49,45
661,49,46
662,49,47
663,49,48
664,49,49
665,49,50
666,49,51
667,50,25
668,50,26
669,50,27
670,50,28
671,50,29
672,50,30
673,50,31
674,50,32
675,50,33
676,50,34
677,50,35
678,50,36
679,51,67
680,51,68
681,51,69
682,51,70
683,51,71
684,51,72
685,51,73
686,51,74
687,51,75
688,51,76
689,51,77
690,51,78
691,51,79
692,51,80
693,51,81
694,52,67
695,52,68
696,52,69
697,52,70
698,52,71
699,52,72
700,52,73
701,52,74
702,52,75
703,52,76
704,52,77
705,52,78
706,52,79
707,52,80
708,52,81
709,53,52
710,53,53
711,53,54
712,53,55
713,53,56
714,53,57
715,53,58
716,53,59
717,53,60
718,53,61
719,53,62
720,53,63
721,53,64
722,53,65
723,53,66
724,54,52
725,54,53
726,54,54
727,54,55
728,54,56
729,54,57
730,54,58
731,54,59
732,54,60
733,54,61
734,54,62
735,54,63
736,54,64
737,54,65
738,54,66
739,55,82
740,55,83
741,55,84
742,55,85
743,55,86
744,55,87
745,55,88
746,55,89
747,55,90
748,55,91
749,55,92
750,55,93
751,55,94
752,55,95
753,55,96
754,56,52
755,56,53
756,56,54
757,56,55
758,56,56
759,56,57
760,56,58
761,56,59
762,56,60
763,56,61
764,56,62
765,56,63
766,56,64
767,56,65
768,56,66
769,57,52
770,57,53
771,57,54
772,57,55
773,57,56
774,57,57
775,57,58
776,57,59
777,57,60
778,57,61
779,57,62
780,57,63
781,57,64
782,57,65
783,57,66
784,58,1
785,58,2
786,58,3
787,58,4
788,58,5
789,58,6
790,58,7
791,58,8
792,58,9
793,58,10
794,58,11
795,58,12
796,59,1
797,59,2
798,59,3
799,59,4
800,59,5
801,59,6
802,59,7
803,59,8
804,59,9
805,59,10
806,59,11
807,59,12
808,60,97
809,60,98
810,60,99
811,60,100
812,60,101
813,60,102
814,60,103
815,60,104
816,60,105
817,60,106
818,60,107
819,60,108
820,60,109
821,60,110
822,60,111
823,61,52
824,61,53
825,61,54
826,61,55
827,61,56
828,61,57
829,61,58
830,61,59
831,61,60
832,61,61
833,61,62
834,61,63
835,61,64
836,61,65
837,61,66
838,62,82
839,62,83
840,62,84
841,62,85
842,62,86
843,62,87
844,62,88
845,62,89
846,62,90
847,62,91
848,62,92
849,62,93
850,62,94
851,62,95
852,62,96
853,63,97
854,63,98
855,63,99
856,63,100
857,63,101
858,63,102
859,63,103
860,63,104
861,63,105
862,63,106
863,63,107
864,63,108
865,63,109
866,63,110
867,63,111
868,64,13
869,64,14
870,64,15
871,64,16
872,64,17
873,64,18
874,64,19
875,64,20
876,64,21
877,64,22
878,64,23
879,64,24
880,65,37
881,65,38
882,65,39
883,65,40
884,65,41
885,65,42
886,65,43
887,65,44
888,65,45
889,65,46
890,65,47
891,65,48
892,65,49
893,65,50
894,65,51
895,66,97
896,66,98
897,66,99
898,66,100
899,66,101
900,66,102
901,66,103
902,66,104
903,66,105
904,66,106
905,66,107
906,66,108
907,66,109
908,66,110
909,66,111
910,67,52
911,67,53
912,67,54
913,67,55
914,67,56
915,67,57
916,67,58
917,67,59
918,67,60
919,67,61
920,67,62
921,67,63
922,67,64
923,67,65
924,67,66
925,68,52
926,68,53
927,68,54
928,68,55
929,68,56
930,68,57
931,68,58
932,68,59
933,68,60
934,68,61
935,68,62
936,68,63
937,68,64
938,68,65
939,68,66
940,69,52
941,69,53
942,69,54
943,69,55
944,69,56
945,69,57
946,69,58
947,69,59
948,69,60
949,69,61
950,69,62
951,69,63
952,69,64
953,69,65
954,69,66
955,70,67
956,70,68
957,70,69
958,70,70
959,70,71
960,70,72
961,70,73
962,70,74
963,70,75
964,70,76
965,70,77
966,70,78
967,70,79
968,70,80
969,70,81
970,71,37
971,71,38
972,71,39
973,71,40
974,71,41
975,71,42
976,71,43
977,71,44
978,71,45
979,71,46
980,71,47
981,71,48
982,71,49
983,71,50
984,71,51
985,72,67
986,72,68
987,72,69
988,72,70
989,72,71
990,72,72
991,72,73
992,72,74
993,72,75
994,72,76
995,72,77
996,72,78
997,72,79
998,72,80
999,72,81
1000,73,25
1001,73,26
1002,73,27
1003,73,28
1004,73,29
1005,73,30
1006,73,31
1007,73,32
1008,73,33
1009,73,34
1010,73,35
1011,73,36
1012,74,82
1013,74,83
1014,74,84
1015,74,85
1016,74,86
1017,74,87
1018,74,88
1019,74,89
1020,74,90
1021,74,91
1022,74,92
1023,74,93
1024,74,94
1025,74,95
1026,74,96
1027,75,67
1028,75,68
1029,75,69
1030,75,70
1031,75,71
1032,75,72
1033,75,73
1034,75,74
1035,75,75
1036,75,76
1037,75,77
1038,75,78
1039,75,79
1040,75,80
1041,75,81
1042,76,52
1043,76,53
1044,76,54
1045,76,55
1046,76,56
1047,76,57
1048,76,58
1049,76,59
1050,76,60
1051,76,61
1052,76,62
1053,76,63
1054,76,64
1055,76,65
1056,76,66
1057,77,37
1058,77,38
1059,77,39
1060,77,40
1061,77,41
1062,77,42
1063,77,43
1064,77,44
1065,77,45
1066,77,46
1067,77,47
1068,77,48
1069,77,49
1070,77,50
1071,77,51
1072,78,52
1073,78,53
1074,78,54
1075,78,55
1076,78,56
1077,78,57
1078,78,58
1079,78,59
1080,78,60
1081,78,61
1082,78,62
1083,78,63
1084,78,64
1085,78,65
1086,78,66
1087,79,52
1088,79,53
1089,79,54
1090,79,55
1091,79,56
1092,79,57
1093,79,58
1094,79,59
1095,79,60
1096,79,61
1097,79,62
1098,79,63
1099,79,64
1100,79,65
1101,79,66
1102,80,1
1103,80,2
1104,80,3
1105,80,4
1106,80,5
1107,80,6
1108,80,7
1109,80,8
1110,80,9
1111,80,10
1112,80,11
1113,80,12
1114,81,25
1115,81,26
1116,81,27
1117,81,28
1118,81,29
1119,81,30
1120,81,31
1121,81,32
1122,81,33
1123,81,34
1124,81,35
1125,81,36
1126,82,25
1127,82,26
1128,82,27
1129,82,28
1130,82,29
1131,82,30
1132,82,31
1133,82,32
1134,82,33
1135,82,34
1136,82,35
1137,82,36
1138,83,67
1139,83,68
1140,83,69
1141,83,70
1142,83,71
1143,83,72
1144,83,73
1145,83,74
1146,83,75
1147,83,76
1148,83,77
1149,83,78
1150,83,79
1151,83,80
1152,83,81
1153,84,52
1154,84,53
1155,84,54
1156,84,55
1157,84,56
1158,84,57
1159,84,58
1160,84,59
1161,84,60
1162,84,61
1163,84,62
1164,84,63
1165,84,64
1166,84,65
1167,84,66
1168,85,37
1169,85,38
1170,85,39
1171,85,40
1172,85,41
1173,85,42
1174,85,43
1175,85,44
1176,85,45
1177,85,46
1178,85,47
1179,85,48
1180,85,49
1181,85,50
1182,85,51
1183,86,25
1184,86,26
1185,86,27
1186,86,28
1187,86,29
1188,86,30
1189,86,31
1190,86,32
1191,86,33
1192,86,34
1193,86,35
1194,86,36
1195,87,82
1196,87,83
1197,87,84
1198,87,85
1199,87,86
1200,87,87
1201,87,88
1202,87,89
1203,87,90
1204,87,91
1205,87,92
1206,87,93
1207,87,94
1208,87,95
1209,87,96
1210,88,37
1211,88,38
1212,88,39
1213,88,40
1214,88,41
1215,88,42
1216,88,43
1217,88,44
1218,88,45
1219,88,46
1220,88,47
1221,88,48
1222,88,49
1223,88,50
1224,88,51
1225,89,13
1226,89,14
1227,89,15
1228,89,16
1229,89,17
1230,89,18
1231,89,19
1232,89,20
1233,89,21
1234,89,22
1235,89,23
1236,89,24
1237,90,52
1238,90,53
1239,90,54
1240,90,55
1241,90,56
1242,90,57
1243,90,58
1244,90,59
1245,90,60
1246,90,61
1247,90,62
1248,90,63
1249,90,64
1250,90,65
1251,90,66
1252,91,97
1253,91,98
1254,91,99
1255,91,100
1256,91,101
1257,91,102
1258,91,103
1259,91,104
1260,91,105
1261,91,106
1262,91,107
1263,91,108
1264,91,109
1265,91,110
1266,91,111
1267,92,37
1268,92,38
1269,92,39
1270,92,40
1271,92,41
1272,92,42
1273,92,43
1274,92,44
1275,92,45
1276,92,46
1277,92,47
1278,92,48
1279,92,49
1280,92,50
1281,92,51
1282,93,1
1283,93,2
1284,93,3
1285,93,4
1286,93,5
1287,93,6
1288,93,7
1289,93,8
1290,93,9
1291,93,10
1292,93,11
1293,93,12
1294,94,82
1295,94,83
1296,94,84
1297,94,85
1298,94,86
1299,94,87
1300,94,88
1301,94,89
1302,94,90
1303,94,91
1304,94,92
1305,94,93
1306,94,94
1307,94,95
1308,94,96
1309,95,52
1310,95,53
1311,95,54
1312,95,55
1313,95,56
1314,95,57
1315,95,58
1316,95,59
1317,95,60
1318,95,61
1319,95,62
1320,95,63
1321,95,64
1322,95,65
1323,95,66
1324,96,97
1325,96,98
1326,96,99
1327,96,100
1328,96,101
1329,96,102
1330,96,103
1331,96,104
1332,96,105
1333,96,106
1334,96,107
1335,96,108
1336,96,109
1337,96,110
1338,96,111
1339,97,112
1340,97,113
1341,97,114
1342,97,115
1343,97,116
1344,97,117
1345,97,118
1346,97,119
1347,97,120
1348,98,1
1349,98,2
1350,98,3
1351,98,4
1352,98,5
1353,98,6
1354,98,7
1355,98,8
1356,98,9
1357,98,10
1358,98,11
1359,98,12
1360,99,97
1361,99,98
1362,99,99
1363,99,100
1364,99,101
1365,99,102
1366,99,103
1367,99,104
1368,99,105
1369,99,106
1370,99,107
1371,99,108
1372,99,109
1373,99,110
1374,99,111
1375,100,112
1376,100,113
1377,100,114
1378,100,115
1379,100,116
1380,100,117
1381,100,118
1382,100,119
1383,100,120
1384,101,67
1385,101,68
1386,101,69
1387,101,70
1388,101,71
1389,101,72
1390,101,73
1391,101,74
1392,101,75
1393,101,76
1394,101,77
1395,101,78
1396,101,79
1397,101,80
1398,101,81
1399,102,67
1400,102,68
1401,102,69
1402,102,70
1403,102,71
1404,102,72
1405,102,73
1406,102,74
1407,102,75
1408,102,76
1409,102,77
1410,102,78
1411,102,79
1412,102,80
1413,102,81
1414,103,37
1415,103,38
1416,103,39
1417,103,40
1418,103,41
1419,103,42
1420,103,43
1421,103,44
1422,103,45
1423,103,46
1424,103,47
1425,103,48
1426,103,49
1427,103,50
1428,103,51
1429,104,25
1430,104,26
1431,104,27
1432,104,28
1433,104,29
1434,104,30
1435,104,31
1436,104,32
1437,104,33
1438,104,34
1439,104,35
1440,104,36
1441,105,97
1442,105,98
1443,105,99
1444,105,100
1445,105,101
1446,105,102
1447,105,103
1448,105,104
1449,105,105
1450,105,106
1451,105,107
1452,105,108
1453,105,109
1454,105,110
1455,105,111
1456,106,52
1457,106,53
1458,106,54
1459,106,55
1460,106,56
1461,106,57
1462,106,58
1463,106,59
1464,106,60
1465,106,61
1466,106,62
1467,106,63
1468,106,64
1469,106,65
1470,106,66
1471,107,97
1472,107,98
1473,107,99
1474,107,100
1475,107,101
1476,107,102
1477,107,103
1478,107,104
1479,107,105
1480,107,106
1481,107,107
1482,107,108
1483,107,109
1484,107,110
1485,107,111
1486,108,25
1487,108,26
1488,108,27
1489,108,28
1490,108,29
1491,108,30
1492,108,31
1493,108,32
1494,108,33
1495,108,34
1496,108,35
1497,108,36
1498,109,82
1499,109,83
1500,109,84
1501,109,85
1502,109,86
1503,109,87
1504,109,88
1505,109,89
1506,109,90
1507,109,91
1508,109,92
1509,109,93
1510,109,94
1511,109,95
1512,109,96
1513,110,67
1514,110,68
1515,110,69
1516,110,70
1517,110,71
1518,110,72
1519,110,73
1520,110,74
1521,110,75
1522,110,76
1523,110,77
1524,110,78
1525,110,79
1526,110,80
1527,110,81
1528,111,13
1529,111,14
1530,111,15
1531,111,16
1532,111,17
1533,111,18
1534,111,19
1535,111,20
1536,111,21
1537,111,22
1538,111,23
1539,111,24
1540,112,112
1541,112,113
1542,112,114
1543,112,115
1544,112,116
1545,112,117
1546,112,118
1547,112,119
1548,112,120
1549,113,112
1550,113,113
1551,113,114
1552,113,115
1553,113,116
1554,113,117
1555,113,118
1556,113,119
1557,113,120
1558,114,1
1559,114,2
1560,114,3
1561,114,4
1562,114,5
1563,114,6
1564,114,7
1565,114,8
1566,114,9
1567,114,10
1568,114,11
1569,114,12
1570,115,97
1571,115,98
1572,115,99
1573,115,100
1574,115,101
1575,115,102
1576,115,103
1577,115,104
1578,115,105
1579,115,106
1580,115,107
1581,115,108
1582,115,109
1583,115,110
1584,115,111
1585,116,1
1586,116,2
1587,116,3
1588,116,4
1589,116,5
1590,116,6
1591,116,7
1592,116,8
1593,116,9
1594,116,10
1595,116,11
1596,116,12
1597,117,25
1598,117,26
1599,117,27
1600,117,28
1601,117,29
1602,117,30
1603,117,31
1604,117,32
1605,117,33
1606,117,34
1607,117,35
1608,117,36
1609,118,67
1610,118,68
1611,118,69
1612,118,70
1613,118,71
1614,118,72
1615,118,73
1616,118,74
1617,118,75
1618,118,76
1619,118,77
1620,118,78
1621,118,79
1622,118,80
1623,118,81
1624,119,37
1625,119,38
1626,119,39
1627,119,40
1628,119,41
1629,119,42
1630,119,43
1631,119,44
1632,119,45
1633,119,46
1634,119,47
1635,119,48
1636,119,49
1637,119,50
1638,119,51
1639,120,1
1640,120,2
1641,120,3
1642,120,4
1643,120,5
1644,120,6
1645,120,7
1646,120,8
1647,120,9
1648,120,10
1649,120,11
1650,120,12
1651,121,1
1652,121,2
1653,121,3
1654,121,4
1655,121,5
1656,121,6
1657,121,7
1658,121,8
1659,121,9
1660,121,10
1661,121,11
1662,121,12
1663,122,37
1664,122,38
1665,122,39
1666,122,40
1667,122,41
1668,122,42
1669,122,43
1670,122,44
1671,122,45
1672,122,46
1673,122,47
1674,122,48
1675,122,49
1676,122,50
1677,122,51
1678,123,97
1679,123,98
1680,123,99
1681,123,100
1682,123,101
1683,123,102
1684,123,103
1685,123,104
1686,123,105
1687,123,106
1688,123,107
1689,123,108
1690,123,109
1691,123,110
1692,123,111
1693,124,112
1694,124,113
1695,124,114
1696,124,115
1697,124,116
1698,124,117
1699,124,118
1700,124,119
1701,124,120
1702,125,67
1703,125,68
1704,125,69
1705,125,70
1706,125,71
1707,125,72
1708,125,73
1709,125,74
1710,125,75
1711,125,76
1712,125,77
1713,125,78
1714,125,79
1715,125,80
1716,125,81
1717,126,25
1718,126,26
1719,126,27
1720,126,28
1721,126,29
1722,126,30
1723,126,31
1724,126,32
1725,126,33
1726,126,34
1727,126,35
1728,126,36
1729,127,82
1730,127,83
1731,127,84
1732,127,85
1733,127,86
1734,127,87
1735,127,88
1736,127,89
1737,127,90
1738,127,91
1739,127,92
1740,127,93
1741,127,94
1742,127,95
1743,127,96
1744,128,37
1745,128,38
1746,128,39
1747,128,40
1748,128,41
1749,128,42
1750,128,43
1751,128,44
1752,128,45
1753,128,46
1754,128,47
1755,128,48
1756,128,49
1757,128,50
1758,128,51
1759,129,37
1760,129,38
1761,129,39
1762,129,40
1763,129,41
1764,129,42
1765,129,43
1766,129,44
1767,129,45
1768,129,46
1769,129,47
1770,129,48
1771,129,49
1772,129,50
1773,129,51
1774,130,1
1775,130,2
1776,130,3
1777,130,4
1778,130,5
1779,130,6
1780,130,7
1781,130,8
1782,130,9
1783,130,10
1784,130,11
1785,130,12
1786,131,1
1787,131,2
1788,131,3
1789,131,4
1790,131,5
1791,131,6
1792,131,7
1793,131,8
1794,131,9
1795,131,10
1796,131,11
1797,131,12
1798,132,52
1799,132,53
1800,132,54
1801,132,55
1802,132,56
1803,132,57
1804,132,58
1805,132,59
1806,132,60
1807,132,61
1808,132,62
1809,132,63
1810,132,64
1811,132,65
1812,132,66
1813,133,82
1814,133,83
1815,133,84
1816,133,85
1817,133,86
1818,133,87
1819,133,88
1820,133,89
1821,133,90
1822,133,91
1823,133,92
1824,133,93
1825,133,94
1826,133,95
1827,133,96
1828,134,112
1829,134,113
1830,134,114
1831,134,115
1832,134,116
1833,134,117
1834,134,118
1835,134,119
1836,134,120
1837,135,112
1838,135,113
1839,135,114
1840,135,115
1841,135,116
1842,135,117
1843,135,118
1844,135,119
1845,135,120
1846,136,97
1847,136,98
1848,136,99
1849,136,100
1850,136,101
1851,136,102
1852,136,103
1853,136,104
1854,136,105
1855,136,106
1856,136,107
1857,136,108
1858,136,109
1859,136,110
1860,136,111
1861,137,112
1862,137,113
1863,137,114
1864,137,115
1865,137,116
1866,137,117
1867,137,118
1868,137,119
1869,137,120
1870,138,82
1871,138,83
1872,138,84
1873,138,85
1874,138,86
1875,138,87
1876,138,88
1877,138,89
1878,138,90
1879,138,91
1880,138,92
1881,138,93
1882,138,94
1883,138,95
1884,138,96
1885,139,112
1886,139,113
1887,139,114
1888,139,115
1889,139,116
1890,139,117
1891,139,118
1892,139,119
1893,139,120
1894,140,1
1895,140,2
1896,140,3
1897,140,4
1898,140,5
1899,140,6
1900,140,7
1901,140,8
1902,140,9
1903,140,10
1904,140,11
1905,140,12
1906,141,13
1907,141,14
1908,141,15
1909,141,16
1910,141,17
1911,141,18
1912,141,19
1913,141,20
1914,141,21
1915,141,22
1916,141,23
1917,141,24
1918,142,112
1919,142,113
1920,142,114
1921,142,115
1922,142,116
1923,142,117
1924,142,118
1925,142,119
1926,142,120
1927,143,25
1928,143,26
1929,143,27
1930,143,28
1931,143,29
1932,143,30
1933,143,31
1934,143,32
1935,143,33
1936,143,34
1937,143,35
1938,143,36
1939,144,1
1940,144,2
1941,144,3
1942,144,4
1943,144,5
1944,144,6
1945,144,7
1946,144,8
1947,144,9
1948,144,10
1949,144,11
1950,144,12
1951,145,97
1952,145,98
1953,145,99
1954,145,100
1955,145,101
1956,145,102
1957,145,103
1958,145,104
1959,145,105
1960,145,106
1961,145,107
1962,145,108
1963,145,109
1964,145,110
1965,145,111
1966,146,1
1967,146,2
1968,146,3
1969,146,4
1970,146,5
1971,146,6
1972,146,7
1973,146,8
1974,146,9
1975,146,10
1976,146,11
1977,146,12
1978,147,67
1979,147,68
1980,147,69
1981,147,70
1982,147,71
1983,147,72
1984,147,73
1985,147,74
1986,147,75
1987,147,76
1988,147,77
1989,147,78
1990,147,79
1991,147,80
1992,147,81
1993,148,112
1994,148,113
1995,148,114
1996,148,115
1997,148,116
1998,148,117
1999,148,118
2000,148,119
2001,148,120
2002,149,25
2003,149,26
2004,149,27
2005,149,28
2006,149,29
2007,149,30
2008,149,31
2009,149,32
2010,149,33
2011,149,34
2012,149,35
2013,149,36
2014,150,52
2015,150,53
2016,150,54
2017,150,55
2018,150,56
2019,150,57
2020,150,58
2021,150,59
2022,150,60
2023,150,61
2024,150,62
2025,150,63
2026,150,64
2027,150,65
2028,150,66
2029,151,25
2030,151,26
2031,151,27
2032,151,28
2033,151,29
2034,151,30
2035,151,31
2036,151,32
2037,151,33
2038,151,34
2039,151,35
2040,151,36
2041,152,1
2042,152,2
2043,152,3
2044,152,4
2045,152,5
2046,152,6
2047,152,7
2048,152,8
2049,152,9
2050,152,10
2051,152,11
2052,152,12
2053,153,1
2054,153,2
2055,153,3
2056,153,4
2057,153,5
2058,153,6
2059,153,7
2060,153,8
2061,153,9
2062,153,10
2063,153,11
2064,153,12
2065,154,25
2066,154,26
2067,154,27
2068,154,28
2069,154,29
2070,154,30
2071,154,31
2072,154,32
2073,154,33
2074,154,34
2075,154,35
2076,154,36
2077,155,67
2078,155,68
2079,155,69
2080,155,70
2081,155,71
2082,155,72
2083,155,73
2084,155,74
2085,155,75
2086,155,76
2087,155,77
2088,155,78
2089,155,79
2090,155,80
2091,155,81
2092,156,37
2093,156,38
2094,156,39
2095,156,40
2096,156,41
2097,156,42
2098,156,43
2099,156,44
2100,156,45
2101,156,46
2102,156,47
2103,156,48
2104,156,49
2105,156,50
2106,156,51
2107,157,25
2108,157,26
2109,157,27
2110,157,28
2111,157,29
2112,157,30
2113,157,31
2114,157,32
2115,157,33
2116,157,34
2117,157,35
2118,157,36
2119,158,37
2120,158,38
2121,158,39
2122,158,40
2123,158,41
2124,158,42
2125,158,43
2126,158,44
2127,158,45
2128,158,46
2129,158,47
2130,158,48
2131,158,49
2132,158,50
2133,158,51
2134,159,13
2135,159,14
2136,159,15
2137,159,16
2138,159,17
2139,159,18
2140,159,19
2141,159,20
2142,159,21
2143,159,22
2144,159,23
2145,159,24
2146,160,13
2147,160,14
2148,160,15
2149,160,16
2150,160,17
2151,160,18
2152,160,19
2153,160,20
2154,160,21
2155,160,22
2156,160,23
2157,160,24
2158,161,13
2159,161,14
2160,161,15
2161,161,16
2162,161,17
2163,161,18
2164,161,19
2165,161,20
2166,161,21
2167,161,22
2168,161,23
2169,161,24
2170,162,37
2171,162,38
2172,162,39
2173,162,40
2174,162,41
2175,162,42
2176,162,43
2177,162,44
2178,162,45
2179,162,46
2180,162,47
2181,162,48
2182,162,49
2183,162,50
2184,162,51
2185,163,112
2186,163,113
2187,163,114
2188,163,115
2189,163,116
2190,163,117
2191,163,118
2192,163,119
2193,163,120
2194,164,37
2195,164,38
2196,164,39
2197,164,40
2198,164,41
2199,164,42
2200,164,43
2201,164,44
2202,164,45
2203,164,46
2204,164,47
2205,164,48
2206,164,49
2207,164,50
2208,164,51
2209,165,37
2210,165,38
2211,165,39
2212,165,40
2213,165,41
2214,165,42
2215,165,43
2216,165,44
2217,165,45
2218,165,46
2219,165,47
2220,165,48
2221,165,49
2222,165,50
2223,165,51
2224,166,67
2225,166,68
2226,166,69
2227,166,70
2228,166,71
2229,166,72
2230,166,73
2231,166,74
2232,166,75
2233,166,76
2234,166,77
2235,166,78
2236,166,79
2237,166,80
2238,166,81
2239,167,52
2240,167,53
2241,167,54
2242,167,55
2243,167,56
2244,167,57
2245,167,58
2246,167,59
2247,167,60
2248,167,61
2249,167,62
2250,167,63
2251,167,64
2252,167,65
2253,167,66
2254,168,52
2255,168,53
2256,168,54
2257,168,55
2258,168,56
2259,168,57
2260,168,58
2261,168,59
2262,168,60
2263,168,61
2264,168,62
2265,168,63
2266,168,64
2267,168,65
2268,168,66
2269,169,112
2270,169,113
2271,169,114
2272,169,115
2273,169,116
2274,169,117
2275,169,118
2276,169,119
2277,169,120
2278,170,52
2279,170,53
2280,170,54
2281,170,55
2282,170,56
2283,170,57
2284,170,58
2285,170,59
2286,170,60
2287,170,61
2288,170,62
2289,170,63
2290,170,64
2291,170,65
2292,170,66
2293,171,52
2294,171,53
2295,171,54
2296,171,55
2297,171,56
2298,171,57
2299,171,58
2300,171,59
2301,171,60
2302,171,61
2303,171,62
2304,171,63
2305,171,64
2306,171,65
2307,171,66
2308,172,37
2309,172,38
2310,172,39
2311,172,40
2312,172,41
2313,172,42
2314,172,43
2315,172,44
2316,172,45
2317,172,46
2318,172,47
2319,172,48
2320,172,49
2321,172,50
2322,172,51
2323,173,1
2324,173,2
2325,173,3
2326,173,4
2327,173,5
2328,173,6
2329,173,7
2330,173,8
2331,173,9
2332,173,10
2333,173,11
2334,173,12
2335,174,52
2336,174,53
2337,174,54
2338,174,55
2339,174,56
2340,174,57
2341,174,58
2342,174,59
2343,174,60
2344,174,61
2345,174,62
2346,174,63
2347,174,64
2348,174,65
2349,174,66
2350,175,25
2351,175,26
2352,175,27
2353,175,28
2354,175,29
2355,175,30
2356,175,31
2357,175,32
2358,175,33
2359,175,34
2360,175,35
2361,175,36
2362,176,97
2363,176,98
2364,176,99
2365,176,100
2366,176,101
2367,176,102
2368,176,103
2369,176,104
2370,176,105
2371,176,106
2372,176,107
2373,176,108
2374,176,109
2375,176,110
2376,176,111
2377,177,67
2378,177,68
2379,177,69
2380,177,70
2381,177,71
2382,177,72
2383,177,73
2384,177,74
2385,177,75
2386,177,76
2387,177,77
2388,177,78
2389,177,79
2390,177,80
2391,177,81
2392,178,97
2393,178,98
2394,178,99
2395,178,100
2396,178,101
2397,178,102
2398,178,103
2399,178,104
2400,178,105
2401,178,106
2402,178,107
2403,178,108
2404,178,109
2405,178,110
2406,178,111
2407,179,82
2408,179,83
2409,179,84
2410,179,85
2411,179,86
2412,179,87
2413,179,88
2414,179,89
2415,179,90
2416,179,91
2417,179,92
2418,179,93
2419,179,94
2420,179,95
2421,179,96
2422,180,13
2423,180,14
2424,180,15
2425,180,16
2426,180,17
2427,180,18
2428,180,19
2429,180,20
2430,180,21
2431,180,22
2432,180,23
2433,180,24
2434,181,97
2435,181,98
2436,181,99
2437,181,100
2438,181,101
2439,181,102
2440,181,103
2441,181,104
2442,181,105
2443,181,106
2444,181,107
2445,181,108
2446,181,109
2447,181,110
2448,181,111
2449,182,82
2450,182,83
2451,182,84
2452,182,85
2453,182,86
2454,182,87
2455,182,88
2456,182,89
2457,182,90
2458,182,91
2459,182,92
2460,182,93
2461,182,94
2462,182,95
2463,182,96
2464,183,52
2465,183,53
2466,183,54
2467,183,55
2468,183,56
2469,183,57
2470,183,58
2471,183,59
2472,183,60
2473,183,61
2474,183,62
2475,183,63
2476,183,64
2477,183,65
2478,183,66
2479,184,112
2480,184,113
2481,184,114
2482,184,115
2483,184,116
2484,184,117
2485,184,118
2486,184,119
2487,184,120
2488,185,67
2489,185,68
2490,185,69
2491,185,70
2492,185,71
2493,185,72
2494,185,73
2495,185,74
2496,185,75
2497,185,76
2498,185,77
2499,185,78
2500,185,79
2501,185,80
2502,185,81
2503,186,112
2504,186,113
2505,186,114
2506,186,115
2507,186,116
2508,186,117
2509,186,118
2510,186,119
2511,186,120
2512,187,82
2513,187,83
2514,187,84
2515,187,85
2516,187,86
2517,187,87
2518,187,88
2519,187,89
2520,187,90
2521,187,91
2522,187,92
2523,187,93
2524,187,94
2525,187,95
2526,187,96
2527,188,97
2528,188,98
2529,188,99
2530,188,100
2531,188,101
2532,188,102
2533,188,103
2534,188,104
2535,188,105
2536,188,106
2537,188,107
2538,188,108
2539,188,109
2540,188,110
2541,188,111
2542,189,82
2543,189,83
2544,189,84
2545,189,85
2546,189,86
2547,189,87
2548,189,88
2549,189,89
2550,189,90
2551,189,91
2552,189,92
2553,189,93
2554,189,94
2555,189,95
2556,189,96
2557,190,112
2558,190,113
2559,190,114
2560,190,115
2561,190,116
2562,190,117
2563,190,118
2564,190,119
2565,190,120
2566,191,25
2567,191,26
2568,191,27
2569,191,28
2570,191,29
2571,191,30
2572,191,31
2573,191,32
2574,191,33
2575,191,34
2576,191,35
2577,191,36
2578,192,25
2579,192,26
2580,192,27
2581,192,28
2582,192,29
2583,192,30
2584,192,31
2585,192,32
2586,192,33
2587,192,34
2588,192,35
2589,192,36
2590,193,97
2591,193,98
2592,193,99
2593,193,100
2594,193,101
2595,193,102
2596,193,103
2597,193,104
2598,193,105
2599,193,106
2600,193,107
2601,193,108
2602,193,109
2603,193,110
2604,193,111
2605,194,13
2606,194,14
2607,194,15
2608,194,16
2609,194,17
2610,194,18
2611,194,19
2612,194,20
2613,194,21
2614,194,22
2615,194,23
2616,194,24
2617,195,112
2618,195,113
2619,195,114
2620,195,115
2621,195,116
2622,195,117
2623,195,118
2624,195,119
2625,195,120
2626,196,13
2627,196,14
2628,196,15
2629,196,16
2630,196,17
2631,196,18
2632,196,19
2633,196,20
2634,196,21
2635,196,22
2636,196,23
2637,196,24
2638,197,82
2639,197,83
2640,197,84
2641,197,85
2642,197,86
2643,197,87
2644,197,88
2645,197,89
2646,197,90
2647,197,91
2648,197,92
2649,197,93
2650,197,94
2651,197,95
2652,197,96
2653,198,97
2654,198,98
2655,198,99
2656,198,100
2657,198,101
2658,198,102
2659,198,103
2660,198,104
2661,198,105
2662,198,106
2663,198,107
2664,198,108
2665,198,109
2666,198,110
2667,198,111
2668,199,13
2669,199,14
2670,199,15
2671,199,16
2672,199,17
2673,199,18
2674,199,19
2675,199,20
2676,199,21
2677,199,22
2678,199,23
2679,199,24
2680,200,82
2681,200,83
2682,200,84
2683,200,85
2684,200,86
2685,200,87
2686,200,88
2687,200,89
2688,200,90
2689,200,91
2690,200,92
2691,200,93
2692,200,94
2693,200,95
2694,200,96
2695,201,37
2696,201,38
2697,201,39
2698,201,40
2699,201,41
2700,201,42
2701,201,43
2702,201,44
2703,201,45
2704,201,46
2705,201,47
2706,201,48
2707,201,49
2708,201,50
2709,201,51
2710,202,97
2711,202,98
2712,202,99
2713,202,100
2714,202,101
2715,202,102
2716,202,103
2717,202,104
2718,202,105
2719,202,106
2720,202,107
2721,202,108
2722,202,109
2723,202,110
2724,202,111
2725,203,1
2726,203,2
2727,203,3
2728,203,4
2729,203,5
2730,203,6
2731,203,7
2732,203,8
2733,203,9
2734,203,10
2735,203,11
2736,203,12
2737,204,25
2738,204,26
2739,204,27
2740,204,28
2741,204,29
2742,204,30
2743,204,31
2744,204,32
2745,204,33
2746,204,34
2747,204,35
2748,204,36
2749,205,67
2750,205,68
2751,205,69
2752,205,70
2753,205,71
2754,205,72
2755,205,73
2756,205,74
2757,205,75
2758,205,76
2759,205,77
2760,205,78
2761,205,79
2762,205,80
2763,205,81
2764,206,37
2765,206,38
2766,206,39
2767,206,40
2768,206,41
2769,206,42
2770,206,43
2771,206,44
2772,206,45
2773,206,46
2774,206,47
2775,206,48
2776,206,49
2777,206,50
2778,206,51
2779,207,52
2780,207,53
2781,207,54
2782,207,55
2783,207,56
2784,207,57
2785,207,58
2786,207,59
2787,207,60
2788,207,61
2789,207,62
2790,207,63
2791,207,64
2792,207,65
2793,207,66
2794,208,82
2795,208,83
2796,208,84
2797,208,85
2798,208,86
2799,208,87
2800,208,88
2801,208,89
2802,208,90
2803,208,91
2804,208,92
2805,208,93
2806,208,94
2807,208,95
2808,208,96
2809,209,52
2810,209,53
2811,209,54
2812,209,55
2813,209,56
2814,209,57
2815,209,58
2816,209,59
2817,209,60
2818,209,61
2819,209,62
2820,209,63
2821,209,64
2822,209,65
2823,209,66
2824,210,25
2825,210,26
2826,210,27
2827,210,28
2828,210,29
2829,210,30
2830,210,31
2831,210,32
2832,210,33
2833,210,34
2834,210,35
2835,210,36
2836,211,82
2837,211,83
2838,211,84
2839,211,85
2840,211,86
2841,211,87
2842,211,88
2843,211,89
2844,211,90
2845,211,91
2846,211,92
2847,211,93
2848,211,94
2849,211,95
2850,211,96
2851,212,97
2852,212,98
2853,212,99
2854,212,100
2855,212,101
2856,212,102
2857,212,103
2858,212,104
2859,212,105
2860,212,106
2861,212,107
2862,212,108
2863,212,109
2864,212,110
2865,212,111
2866,213,37
2867,213,38
2868,213,39
2869,213,40
2870,213,41
2871,213,42
2872,213,43
2873,213,44
2874,213,45
2875,213,46
2876,213,47
2877,213,48
2878,213,49
2879,213,50
2880,213,51
2881,214,112
2882,214,113
2883,214,114
2884,214,115
2885,214,116
2886,214,117
2887,214,118
2888,214,119
2889,214,120
2890,215,67
2891,215,68
2892,215,69
2893,215,70
2894,215,71
2895,215,72
2896,215,73
2897,215,74
2898,215,75
2899,215,76
2900,215,77
2901,215,78
2902,215,79
2903,215,80
2904,215,81
2905,216,67
2906,216,68
2907,216,69
2908,216,70
2909,216,71
2910,216,72
2911,216,73
2912,216,74
2913,216,75
2914,216,76
2915,216,77
2916,216,78
2917,216,79
2918,216,80
2919,216,81
2920,217,82
2921,217,83
2922,217,84
2923,217,85
2924,217,86
2925,217,87
2926,217,88
2927,217,89
2928,217,90
2929,217,91
2930,217,92
2931,217,93
2932,217,94
2933,217,95
2934,217,96
2935,218,25
2936,218,26
2937,218,27
2938,218,28
2939,218,29
2940,218,30
2941,218,31
2942,218,32
2943,218,33
2944,218,34
2945,218,35
2946,218,36
2947,219,82
2948,219,83
2949,219,84
2950,219,85
2951,219,86
2952,219,87
2953,219,88
2954,219,89
2955,219,90
2956,219,91
2957,219,92
2958,219,93
2959,219,94
2960,219,95
2961,219,96
2962,220,97
2963,220,98
2964,220,99
2965,220,100
2966,220,101
2967,220,102
2968,220,103
2969,220,104
2970,220,105
2971,220,106
2972,220,107
2973,220,108
2974,220,109
2975,220,110
2976,220,111
2977,221,13
2978,221,14
2979,221,15
2980,221,16
2981,221,17
2982,221,18
2983,221,19
2984,221,20
2985,221,21
2986,221,22
2987,221,23
2988,221,24
2989,222,25
2990,222,26
2991,222,27
2992,222,28
2993,222,29
2994,222,30
2995,222,31
2996,222,32
2997,222,33
2998,222,34
2999,222,35
3000,222,36
3001,223,112
3002,223,113
3003,223,114
3004,223,115
3005,223,116
3006,223,117
3007,223,118
3008,223,119
3009,223,120
3010,224,97
3011,224,98
3012,224,99
3013,224,100
3014,224,101
3015,224,102
3016,224,103
3017,224,104
3018,224,105
3019,224,106
3020,224,107
3021,224,108
3022,224,109
3023,224,110
3024,224,111
3025,225,67
3026,225,68
3027,225,69
3028,225,70
3029,225,71
3030,225,72
3031,225,73
3032,225,74
3033,225,75
3034,225,76
3035,225,77
3036,225,78
3037,225,79
3038,225,80
3039,225,81
3040,226,52
3041,226,53
3042,226,54
3043,226,55
3044,226,56
3045,226,57
3046,226,58
3047,226,59
3048,226,60
3049,226,61
3050,226,62
3051,226,63
3052,226,64
3053,226,65
3054,226,66
3055,227,97
3056,227,98
3057,227,99
3058,227,100
3059,227,101
3060,227,102
3061,227,103
3062,227,104
3063,227,105
3064,227,106
3065,227,107
3066,227,108
3067,227,109
3068,227,110
3069,227,111
3070,228,112
3071,228,113
3072,228,114
3073,228,115
3074,228,116
3075,228,117
3076,228,118
3077,228,119
3078,228,120
3079,229,82
3080,229,83
3081,229,84
3082,229,85
3083,229,86
3084,229,87
3085,229,88
3086,229,89
3087,229,90
3088,229,91
3089,229,92
3090,229,93
3091,229,94
3092,229,95
3093,229,96
3094,230,37
3095,230,38
3096,230,39
3097,230,40
3098,230,41
3099,230,42
3100,230,43
3101,230,44
3102,230,45
3103,230,46
3104,230,47
3105,230,48
3106,230,49
3107,230,50
3108,230,51
3109,231,52
3110,231,53
3111,231,54
3112,231,55
3113,231,56
3114,231,57
3115,231,58
3116,231,59
3117,231,60
3118,231,61
3119,231,62
3120,231,63
3121,231,64
3122,231,65
3123,231,66
3124,232,13
3125,232,14
3126,232,15
3127,232,16
3128,232,17
3129,232,18
3130,232,19
3131,232,20
3132,232,21
3133,232,22
3134,232,23
3135,232,24
3136,233,25
3137,233,26
3138,233,27
3139,233,28
3140,233,29
3141,233,30
3142,233,31
3143,233,32
3144,233,33
3145,233,34
3146,233,35
3147,233,36
3148,234,52
3149,234,53
3150,234,54
3151,234,55
3152,234,56
3153,234,57
3154,234,58
3155,234,59
3156,234,60
3157,234,61
3158,234,62
3159,234,63
3160,234,64
3161,234,65
3162,234,66
3163,235,37
3164,235,38
3165,235,39
3166,235,40
3167,235,41
3168,235,42
3169,235,43
3170,235,44
3171,235,45
3172,235,46
3173,235,47
3174,235,48
3175,235,49
3176,235,50
3177,235,51
3178,236,52
3179,236,53
3180,236,54
3181,236,55
3182,236,56
3183,236,57
3184,236,58
3185,236,59
3186,236,60
3187,236,61
3188,236,62
3189,236,63
3190,236,64
3191,236,65
3192,236,66
3193,237,67
3194,237,68
3195,237,69
3196,237,70
3197,237,71
3198,237,72
3199,237,73
3200,237,74
3201,237,75
3202,237,76
3203,237,77
3204,237,78
3205,237,79
3206,237,80
3207,237,81
3208,238,82
3209,238,83
3210,238,84
3211,238,85
3212,238,86
3213,238,87
3214,238,88
3215,238,89
3216,238,90
3217,238,91
3218,238,92
3219,238,93
3220,238,94
3221,238,95
3222,238,96
3223,239,37
3224,239,38
3225,239,39
3226,239,40
3227,239,41
3228,239,42
3229,239,43
3230,239,44
3231,239,45
3232,239,46
3233,239,47
3234,239,48
3235,239,49
3236,239,50
3237,239,51
3238,240,112
3239,240,113
3240,240,114
3241,240,115
3242,240,116
3243,240,117
3244,240,118
3245,240,119
3246,240,120
3247,241,25
3248,241,26
3249,241,27
3250,241,28
3251,241,29
3252,241,30
3253,241,31
3254,241,32
3255,241,33
3256,241,34
3257,241,35
3258,241,36
3259,242,97
3260,242,98
3261,242,99
3262,242,100
3263,242,101
3264,242,102
3265,242,103
3266,242,104
3267,242,105
3268,242,106
3269,242,107
3270,242,108
3271,242,109
3272,242,110
3273,242,111
3274,243,37
3275,243,38
3276,243,39
3277,243,40
3278,243,41
3279,243,42
3280,243,43
3281,243,44
3282,243,45
3283,243,46
3284,243,47
3285,243,48
3286,243,49
3287,243,50
3288,243,51
3289,244,97
3290,244,98
3291,244,99
3292,244,100
3293,244,101
3294,244,102
3295,244,103
3296,244,104
3297,244,105
3298,244,106
3299,244,107
3300,244,108
3301,244,109
3302,244,110
3303,244,111
3304,245,13
3305,245,14
3306,245,15
3307,245,16
3308,245,17
3309,245,18
3310,245,19
3311,245,20
3312,245,21
3313,245,22
3314,245,23
3315,245,24
3316,246,82
3317,246,83
3318,246,84
3319,246,85
3320,246,86
3321,246,87
3322,246,88
3323,246,89
3324,246,90
3325,246,91
3326,246,92
3327,246,93
3328,246,94
3329,246,95
3330,246,96
3331,247,67
3332,247,68
3333,247,69
3334,247,70
3335,247,71
3336,247,72
3337,247,73
3338,247,74
3339,247,75
3340,247,76
3341,247,77
3342,247,78
3343,247,79
3344,247,80
3345,247,81
3346,248,67
3347,248,68
3348,248,69
3349,248,70
3350,248,71
3351,248,72
3352,248,73
3353,248,74
3354,248,75
3355,248,76
3356,248,77
3357,248,78
3358,248,79
3359,248,80
3360,248,81
3361,249,37
3362,249,38
3363,249,39
3364,249,40
3365,249,41
3366,249,42
3367,249,43
3368,249,44
3369,249,45
3370,249,46
3371,249,47
3372,249,48
3373,249,49
3374,249,50
3375,249,51
3376,250,112
3377,250,113
3378,250,114
3379,250,115
3380,250,116
3381,250,117
3382,250,118
3383,250,119
3384,250,120
3385,251,25
3386,251,26
3387,251,27
3388,251,28
3389,251,29
3390,251,30
3391,251,31
3392,251,32
3393,251,33
3394,251,34
3395,251,35
3396,251,36
3397,252,13
3398,252,14
3399,252,15
3400,252,16
3401,252,17
3402,252,18
3403,252,19
3404,252,20
3405,252,21
3406,252,22
3407,252,23
3408,252,24
3409,253,112
3410,253,113
3411,253,114
3412,253,115
3413,253,116
3414,253,117
3415,253,118
3416,253,119
3417,253,120
3418,254,67
3419,254,68
3420,254,69
3421,254,70
3422,254,71
3423,254,72
3424,254,73
3425,254,74
3426,254,75
3427,254,76
3428,254,77
3429,254,78
3430,254,79
3431,254,80
3432,254,81
3433,255,67
3434,255,68
3435,255,69
3436,255,70
3437,255,71
3438,255,72
3439,255,73
3440,255,74
3441,255,75
3442,255,76
3443,255,77
3444,255,78
3445,255,79
3446,255,80
3447,255,81
3448,256,52
3449,256,53
3450,256,54
3451,256,55
3452,256,56
3453,256,57
3454,256,58
3455,256,59
3456,256,60
3457,256,61
3458,256,62
3459,256,63
3460,256,64
3461,256,65
3462,256,66
3463,257,37
3464,257,38
3465,257,39
3466,257,40
3467,257,41
3468,257,42
3469,257,43
3470,257,44
3471,257,45
3472,257,46
3473,257,47
3474,257,48
3475,257,49
3476,257,50
3477,257,51
3478,258,13
3479,258,14
3480,258,15
3481,258,16
3482,258,17
3483,258,18
3484,258,19
3485,258,20
3486,258,21
3487,258,22
3488,258,23
3489,258,24
3490,259,37
3491,259,38
3492,259,39
3493,259,40
3494,259,41
3495,259,42
3496,259,43
3497,259,44
3498,259,45
3499,259,46
3500,259,47
3501,259,48
3502,259,49
3503,259,50
3504,259,51
3505,260,13
3506,260,14
3507,260,15
3508,260,16
3509,260,17
3510,260,18
3511,260,19
3512,260,20
3513,260,21
3514,260,22
3515,260,23
3516,260,24
3517,261,112
3518,261,113
3519,261,114
3520,261,115
3521,261,116
3522,261,117
3523,261,118
3524,261,119
3525,261,120
3526,262,37
3527,262,38
3528,262,39
3529,262,40
3530,262,41
3531,262,42
3532,262,43
3533,262,44
3534,262,45
3535,262,46
3536,262,47
3537,262,48
3538,262,49
3539,262,50
3540,262,51
3541,263,67
3542,263,68
3543,263,69
3544,263,70
3545,263,71
3546,263,72
3547,263,73
3548,263,74
3549,263,75
3550,263,76
3551,263,77
3552,263,78
3553,263,79
3554,263,80
3555,263,81
3556,264,1
3557,264,2
3558,264,3
3559,264,4
3560,264,5
3561,264,6
3562,264,7
3563,264,8
3564,264,9
3565,264,10
3566,264,11
3567,264,12
3568,265,67
3569,265,68
3570,265,69
3571,265,70
3572,265,71
3573,265,72
3574,265,73
3575,265,74
3576,265,75
3577,265,76
3578,265,77
3579,265,78
3580,265,79
3581,265,80
3582,265,81
3583,266,1
3584,266,2
3585,266,3
3586,266,4
3587,266,5
3588,266,6
3589,266,7
3590,266,8
3591,266,9
3592,266,10
3593,266,11
3594,266,12
3595,267,112
3596,267,113
3597,267,114
3598,267,115
3599,267,116
3600,267,117
3601,267,118
3602,267,119
3603,267,120
3604,268,67
3605,268,68
3606,268,69
3607,268,70
3608,268,71
3609,268,72
3610,268,73
3611,268,74
3612,268,75
3613,268,76
3614,268,77
3615,268,78
3616,268,79
3617,268,80
3618,268,81
3619,269,97
3620,269,98
3621,269,99
3622,269,100
3623,269,101
3624,269,102
3625,269,103
3626,269,104
3627,269,105
3628,269,106
3629,269,107
3630,269,108
3631,269,109
3632,269,110
3633,269,111
3634,270,82
3635,270,83
3636,270,84
3637,270,85
3638,270,86
3639,270,87
3640,270,88
3641,270,89
3642,270,90
3643,270,91
3644,270,92
3645,270,93
3646,270,94
3647,270,95
3648,270,96
3649,271,112
3650,271,113
3651,271,114
3652,271,115
3653,271,116
3654,271,117
3655,271,118
3656,271,119
3657,271,120
3658,272,25
3659,272,26
3660,272,27
3661,272,28
3662,272,29
3663,272,30
3664,272,31
3665,272,32
3666,272,33
3667,272,34
3668,272,35
3669,272,36
3670,273,67
3671,273,68
3672,273,69
3673,273,70
3674,273,71
3675,273,72
3676,273,73
3677,273,74
3678,273,75
3679,273,76
3680,273,77
3681,273,78
3682,273,79
3683,273,80
3684,273,81
3685,274,67
3686,274,68
3687,274,69
3688,274,70
3689,274,71
3690,274,72
3691,274,73
3692,274,74
3693,274,75
3694,274,76
3695,274,77
3696,274,78
3697,274,79
3698,274,80
3699,274,81
3700,275,97
3701,275,98
3702,275,99
3703,275,100
3704,275,101
3705,275,102
3706,275,103
3707,275,104
3708,275,105
3709,275,106
3710,275,107
3711,275,108
3712,275,109
3713,275,110
3714,275,111
3715,276,1
3716,276,2
3717,276,3
3718,276,4
3719,276,5
3720,276,6
3721,276,7
3722,276,8
3723,276,9
3724,276,10
3725,276,11
3726,276,12
3727,277,112
3728,277,113
3729,277,114
3730,277,115
3731,277,116
3732,277,117
3733,277,118
3734,277,119
3735,277,120
3736,278,52
3737,278,53
3738,278,54
3739,278,55
3740,278,56
3741,278,57
3742,278,58
3743,278,59
3744,278,60
3745,278,61
3746,278,62
3747,278,63
3748,278,64
3749,278,65
3750,278,66
3751,279,37
3752,279,38
3753,279,39
3754,279,40
3755,279,41
3756,279,42
3757,279,43
3758,279,44
3759,279,45
3760,279,46
3761,279,47
3762,279,48
3763,279,49
3764,279,50
3765,279,51
3766,280,97
3767,280,98
3768,280,99
3769,280,100
3770,280,101
3771,280,102
3772,280,103
3773,280,104
3774,280,105
3775,280,106
3776,280,107
3777,280,108
3778,280,109
3779,280,110
3780,280,111
3781,281,25
3782,281,26
3783,281,27
3784,281,28
3785,281,29
3786,281,30
3787,281,31
3788,281,32
3789,281,33
3790,281,34
3791,281,35
3792,281,36
3793,282,112
3794,282,113
3795,282,114
3796,282,115
3797,282,116
3798,282,117
3799,282,118
3800,282,119
3801,282,120
3802,283,1
3803,283,2
3804,283,3
3805,283,4
3806,283,5
3807,283,6
3808,283,7
3809,283,8
3810,283,9
3811,283,10
3812,283,11
3813,283,12
3814,284,67
3815,284,68
3816,284,69
3817,284,70
3818,284,71
3819,284,72
3820,284,73
3821,284,74
3822,284,75
3823,284,76
3824,284,77
3825,284,78
3826,284,79
3827,284,80
3828,284,81
3829,285,25
3830,285,26
3831,285,27
3832,285,28
3833,285,29
3834,285,30
3835,285,31
3836,285,32
3837,285,33
3838,285,34
3839,285,35
3840,285,36
3841,286,67
3842,286,68
3843,286,69
3844,286,70
3845,286,71
3846,286,72
3847,286,73
3848,286,74
3849,286,75
3850,286,76
3851,286,77
3852,286,78
3853,286,79
3854,286,80
3855,286,81
3856,287,25
3857,287,26
3858,287,27
3859,287,28
3860,287,29
3861,287,30
3862,287,31
3863,287,32
3864,287,33
3865,287,34
3866,287,35
3867,287,36
3868,288,1
3869,288,2
3870,288,3
3871,288,4
3872,288,5
3873,288,6
3874,288,7
3875,288,8
3876,288,9
3877,288,10
3878,288,11
3879,288,12
3880,289,13
3881,289,14
3882,289,15
3883,289,16
3884,289,17
3885,289,18
3886,289,19
3887,289,20
3888,289,21
3889,289,22
3890,289,23
3891,289,24
3892,290,52
3893,290,53
3894,290,54
3895,290,55
3896,290,56
3897,290,57
3898,290,58
3899,290,59
3900,290,60
3901,290,61
3902,290,62
3903,290,63
3904,290,64
3905,290,65
3906,290,66
3907,291,52
3908,291,53
3909,291,54
3910,291,55
3911,291,56
3912,291,57
3913,291,58
3914,291,59
3915,291,60
3916,291,61
3917,291,62
3918,291,63
3919,291,64
3920,291,65
3921,291,66
3922,292,112
3923,292,113
3924,292,114
3925,292,115
3926,292,116
3927,292,117
3928,292,118
3929,292,119
3930,292,120
3931,293,1
3932,293,2
3933,293,3
3934,293,4
3935,293,5
3936,293,6
3937,293,7
3938,293,8
3939,293,9
3940,293,10
3941,293,11
3942,293,12
3943,294,37
3944,294,38
3945,294,39
3946,294,40
3947,294,41
3948,294,42
3949,294,43
3950,294,44
3951,294,45
3952,294,46
3953,294,47
3954,294,48
3955,294,49
3956,294,50
3957,294,51
3958,295,67
3959,295,68
3960,295,69
3961,295,70
3962,295,71
3963,295,72
3964,295,73
3965,295,74
3966,295,75
3967,295,76
3968,295,77
3969,295,78
3970,295,79
3971,295,80
3972,295,81
3973,296,97
3974,296,98
3975,296,99
3976,296,100
3977,296,101
3978,296,102
3979,296,103
3980,296,104
3981,296,105
3982,296,106
3983,296,107
3984,296,108
3985,296,109
3986,296,110
3987,296,111
3988,297,112
3989,297,113
3990,297,114
3991,297,115
3992,297,116
3993,297,117
3994,297,118
3995,297,119
3996,297,120
3997,298,112
3998,298,113
3999,298,114
4000,298,115
4001,298,116
4002,298,117
4003,298,118
4004,298,119
4005,298,120
4006,299,25
4007,299,26
4008,299,27
4009,299,28
4010,299,29
4011,299,30
4012,299,31
4013,299,32
4014,299,33
4015,299,34
4016,299,35
4017,299,36
4018,300,13
4019,300,14
4020,300,15
4021,300,16
4022,300,17
4023,300,18
4024,300,19
4025,300,20
4026,300,21
4027,300,22
4028,300,23
4029,300,24
4030,301,67
4031,301,68
4032,301,69
4033,301,70
4034,301,71
4035,301,72
4036,301,73
4037,301,74
4038,301,75
4039,301,76
4040,301,77
4041,301,78
4042,301,79
4043,301,80
4044,301,81
4045,302,52
4046,302,53
4047,302,54
4048,302,55
4049,302,56
4050,302,57
4051,302,58
4052,302,59
4053,302,60
4054,302,61
4055,302,62
4056,302,63
4057,302,64
4058,302,65
4059,302,66
4060,303,67
4061,303,68
4062,303,69
4063,303,70
4064,303,71
4065,303,72
4066,303,73
4067,303,74
4068,303,75
4069,303,76
4070,303,77
4071,303,78
4072,303,79
4073,303,80
4074,303,81
4075,304,52
4076,304,53
4077,304,54
4078,304,55
4079,304,56
4080,304,57
4081,304,58
4082,304,59
4083,304,60
4084,304,61
4085,304,62
4086,304,63
4087,304,64
4088,304,65
4089,304,66
4090,305,37
4091,305,38
4092,305,39
4093,305,40
4094,305,41
4095,305,42
4096,305,43
4097,305,44
4098,305,45
4099,305,46
4100,305,47
4101,305,48
4102,305,49
4103,305,50
4104,305,51
4105,306,37
4106,306,38
4107,306,39
4108,306,40
4109,306,41
4110,306,42
4111,306,43
4112,306,44
4113,306,45
4114,306,46
4115,306,47
4116,306,48
4117,306,49
4118,306,50
4119,306,51
4120,307,13
4121,307,14
4122,307,15
4123,307,16
4124,307,17
4125,307,18
4126,307,19
4127,307,20
4128,307,21
4129,307,22
4130,307,23
4131,307,24
4132,308,112
4133,308,113
4134,308,114
4135,308,115
4136,308,116
4137,308,117
4138,308,118
4139,308,119
4140,308,120
4141,309,13
4142,309,14
4143,309,15
4144,309,16
4145,309,17
4146,309,18
4147,309,19
4148,309,20
4149,309,21
4150,309,22
4151,309,23
4152,309,24
4153,310,37
4154,310,38
4155,310,39
4156,310,40
4157,310,41
4158,310,42
4159,310,43
4160,310,44
4161,310,45
4162,310,46
4163,310,47
4164,310,48
4165,310,49
4166,310,50
4167,310,51
4168,311,67
4169,311,68
4170,311,69
4171,311,70
4172,311,71
4173,311,72
4174,311,73
4175,311,74
4176,311,75
4177,311,76
4178,311,77
4179,311,78
4180,311,79
4181,311,80
4182,311,81
4183,312,13
4184,312,14
4185,312,15
4186,312,16
4187,312,17
4188,312,18
4189,312,19
4190,312,20
4191,312,21
4192,312,22
4193,312,23
4194,312,24
4195,313,97
4196,313,98
4197,313,99
4198,313,100
4199,313,101
4200,313,102
4201,313,103
4202,313,104
4203,313,105
4204,313,106
4205,313,107
4206,313,108
4207,313,109
4208,313,110
4209,313,111
4210,314,97
4211,314,98
4212,314,99
4213,314,100
4214,314,101
4215,314,102
4216,314,103
4217,314,104
4218,314,105
4219,314,106
4220,314,107
4221,314,108
4222,314,109
4223,314,110
4224,314,111
4225,315,97
4226,315,98
4227,315,99
4228,315,100
4229,315,101
4230,315,102
4231,315,103
4232,315,104
4233,315,105
4234,315,106
4235,315,107
4236,315,108
4237,315,109
4238,315,110
4239,315,111
4240,316,25
4241,316,26
4242,316,27
4243,316,28
4244,316,29
4245,316,30
4246,316,31
4247,316,32
4248,316,33
4249,316,34
4250,316,35
4251,316,36
4252,317,112
4253,317,113
4254,317,114
4255,317,115
4256,317,116
4257,317,117
4258,317,118
4259,317,119
4260,317,120
4261,318,37
4262,318,38
4263,318,39
4264,318,40
4265,318,41
4266,318,42
4267,318,43
4268,318,44
4269,318,45
4270,318,46
4271,318,47
4272,318,48
4273,318,49
4274,318,50
4275,318,51
4276,319,13
4277,319,14
4278,319,15
4279,319,16
4280,319,17
4281,319,18
4282,319,19
4283,319,20
4284,319,21
4285,319,22
4286,319,23
4287,319,24
4288,320,67
4289,320,68
4290,320,69
4291,320,70
4292,320,71
4293,320,72
4294,320,73
4295,320,74
4296,320,75
4297,320,76
4298,320,77
4299,320,78
4300,320,79
4301,320,80
4302,320,81
4303,321,25
4304,321,26
4305,321,27
4306,321,28
4307,321,29
4308,321,30
4309,321,31
4310,321,32
4311,321,33
4312,321,34
4313,321,35
4314,321,36
4315,322,82
4316,322,83
4317,322,84
4318,322,85
4319,322,86
4320,322,87
4321,322,88
4322,322,89
4323,322,90
4324,322,91
4325,322,92
4326,322,93
4327,322,94
4328,322,95
4329,322,96
4330,323,1
4331,323,2
4332,323,3
4333,323,4
4334,323,5
4335,323,6
4336,323,7
4337,323,8
4338,323,9
4339,323,10
4340,323,11
4341,323,12
4342,324,112
4343,324,113
4344,324,114
4345,324,115
4346,324,116
4347,324,117
4348,324,118
4349,324,119
4350,324,120
4351,325,112
4352,325,113
4353,325,114
4354,325,115
4355,325,116
4356,325,117
4357,325,118
4358,325,119
4359,325,120
4360,326,82
4361,326,83
4362,326,84
4363,326,85
4364,326,86
4365,326,87
4366,326,88
4367,326,89
4368,326,90
4369,326,91
4370,326,92
4371,326,93
4372,326,94
4373,326,95
4374,326,96
4375,327,112
4376,327,113
4377,327,114
4378,327,115
4379,327,116
4380,327,117
4381,327,118
4382,327,119
4383,327,120
4384,328,13
4385,328,14
4386,328,15
4387,328,16
4388,328,17
4389,328,18
4390,328,19
4391,328,20
4392,328,21
4393,328,22
4394,328,23
4395,328,24
4396,329,52
4397,329,53
4398,329,54
4399,329,55
4400,329,56
4401,329,57
4402,329,58
4403,329,59
4404,329,60
4405,329,61
4406,329,62
4407,329,63
4408,329,64
4409,329,65
4410,329,66
4411,330,67
4412,330,68
4413,330,69
4414,330,70
4415,330,71
4416,330,72
4417,330,73
4418,330,74
4419,330,75
4420,330,76
4421,330,77
4422,330,78
4423,330,79
4424,330,80
4425,330,81
4426,331,13
4427,331,14
4428,331,15
4429,331,16
4430,331,17
4431,331,18
4432,331,19
4433,331,20
4434,331,21
4435,331,22
4436,331,23
4437,331,24
4438,332,52
4439,332,53
4440,332,54
4441,332,55
4442,332,56
4443,332,57
4444,332,58
4445,332,59
4446,332,60
4447,332,61
4448,332,62
4449,332,63
4450,332,64
4451,332,65
4452,332,66
4453,333,25
4454,333,26
4455,333,27
4456,333,28
4457,333,29
4458,333,30
4459,333,31
4460,333,32
4461,333,33
4462,333,34
4463,333,35
4464,333,36
4465,334,25
4466,334,26
4467,334,27
4468,334,28
4469,334,29
4470,334,30
4471,334,31
4472,334,32
4473,334,33
4474,334,34
4475,334,35
4476,334,36
4477,335,37
4478,335,38
4479,335,39
4480,335,40
4481,335,41
4482,335,42
4483,335,43
4484,335,44
4485,335,45
4486,335,46
4487,335,47
4488,335,48
4489,335,49
4490,335,50
4491,335,51
4492,336,67
4493,336,68
4494,336,69
4495,336,70
4496,336,71
4497,336,72
4498,336,73
4499,336,74
4500,336,75
4501,336,76
4502,336,77
4503,336,78
4504,336,79
4505,336,80
4506,336,81
4507,337,112
4508,337,113
4509,337,114
4510,337,115
4511,337,116
4512,337,117
4513,337,118
4514,337,119
4515,337,120
4516,338,25
4517,338,26
4518,338,27
4519,338,28
4520,338,29
4521,338,30
4522,338,31
4523,338,32
4524,338,33
4525,338,34
4526,338,35
4527,338,36
4528,339,1
4529,339,2
4530,339,3
4531,339,4
4532,339,5
4533,339,6
4534,339,7
4535,339,8
4536,339,9
4537,339,10
4538,339,11
4539,339,12
4540,340,1
4541,340,2
4542,340,3
4543,340,4
4544,340,5
4545,340,6
4546,340,7
4547,340,8
4548,340,9
4549,340,10
4550,340,11
4551,340,12
4552,341,1
4553,341,2
4554,341,3
4555,341,4
4556,341,5
4557,341,6
4558,341,7
4559,341,8
4560,341,9
4561,341,10
4562,341,11
4563,341,12
4564,342,25
4565,342,26
4566,342,27
4567,342,28
4568,342,29
4569,342,30
4570,342,31
4571,342,32
4572,342,33
4573,342,34
4574,342,35
4575,342,36
4576,343,112
4577,343,113
4578,343,114
4579,343,115
4580,343,116
4581,343,117
4582,343,118
4583,343,119
4584,343,120
4585,344,52
4586,344,53
4587,344,54
4588,344,55
4589,344,56
4590,344,57
4591,344,58
4592,344,59
4593,344,60
4594,344,61
4595,344,62
4596,344,63
4597,344,64
4598,344,65
4599,344,66
4600,345,13
4601,345,14
4602,345,15
4603,345,16
4604,345,17
4605,345,18
4606,345,19
4607,345,20
4608,345,21
4609,345,22
4610,345,23
4611,345,24
4612,346,67
4613,346,68
4614,346,69
4615,346,70
4616,346,71
4617,346,72
4618,346,73
4619,346,74
4620,346,75
4621,346,76
4622,346,77
4623,346,78
4624,346,79
4625,346,80
4626,346,81
4627,347,37
4628,347,38
4629,347,39
4630,347,40
4631,347,41
4632,347,42
4633,347,43
4634,347,44
4635,347,45
4636,347,46
4637,347,47
4638,347,48
4639,347,49
4640,347,50
4641,347,51
4642,348,25
4643,348,26
4644,348,27
4645,348,28
4646,348,29
4647,348,30
4648,348,31
4649,348,32
4650,348,33
4651,348,34
4652,348,35
4653,348,36
4654,349,25
4655,349,26
4656,349,27
4657,349,28
4658,349,29
4659,349,30
4660,349,31
4661,349,32
4662,349,33
4663,349,34
4664,349,35
4665,349,36
4666,350,112
4667,350,113
4668,350,114
4669,350,115
4670,350,116
4671,350,117
4672,350,118
4673,350,119
4674,350,120
4675,351,1
4676,351,2
4677,351,3
4678,351,4
4679,351,5
4680,351,6
4681,351,7
4682,351,8
4683,351,9
4684,351,10
4685,351,11
4686,351,12
4687,352,13
4688,352,14
4689,352,15
4690,352,16
4691,352,17
4692,352,18
4693,352,19
4694,352,20
4695,352,21
4696,352,22
4697,352,23
4698,352,24
4699,353,52
4700,353,53
4701,353,54
4702,353,55
4703,353,56
4704,353,57
4705,353,58
4706,353,59
4707,353,60
4708,353,61
4709,353,62
4710,353,63
4711,353,64
4712,353,65
4713,353,66
4714,354,25
4715,354,26
4716,354,27
4717,354,28
4718,354,29
4719,354,30
4720,354,31
4721,354,32
4722,354,33
4723,354,34
4724,354,35
4725,354,36
4726,355,25
4727,355,26
4728,355,27
4729,355,28
4730,355,29
4731,355,30
4732,355,31
4733,355,32
4734,355,33
4735,355,34
4736,355,35
4737,355,36
4738,356,25
4739,356,26
4740,356,27
4741,356,28
4742,356,29
4743,356,30
4744,356,31
4745,356,32
4746,356,33
4747,356,34
4748,356,35
4749,356,36
4750,357,37
4751,357,38
4752,357,39
4753,357,40
4754,357,41
4755,357,42
4756,357,43
4757,357,44
4758,357,45
4759,357,46
4760,357,47
4761,357,48
4762,357,49
4763,357,50
4764,357,51
4765,358,25
4766,358,26
4767,358,27
4768,358,28
4769,358,29
4770,358,30
4771,358,31
4772,358,32
4773,358,33
4774,358,34
4775,358,35
4776,358,36
4777,359,37
4778,359,38
4779,359,39
4780,359,40
4781,359,41
4782,359,42
4783,359,43
4784,359,44
4785,359,45
4786,359,46
4787,359,47
4788,359,48
4789,359,49
4790,359,50
4791,359,51
4792,360,37
4793,360,38
4794,360,39
4795,360,40
4796,360,41
4797,360,42
4798,360,43
4799,360,44
4800,360,45
4801,360,46
4802,360,47
4803,360,48
4804,360,49
4805,360,50
4806,360,51
4807,361,25
4808,361,26
4809,361,27
4810,361,28
4811,361,29
4812,361,30
4813,361,31
4814,361,32
4815,361,33
4816,361,34
4817,361,35
4818,361,36
4819,362,1
4820,362,2
4821,362,3
4822,362,4
4823,362,5
4824,362,6
4825,362,7
4826,362,8
4827,362,9
4828,362,10
4829,362,11
4830,362,12
4831,363,52
4832,363,53
4833,363,54
4834,363,55
4835,363,56
4836,363,57
4837,363,58
4838,363,59
4839,363,60
4840,363,61
4841,363,62
4842,363,63
4843,363,64
4844,363,65
4845,363,66
4846,364,52
4847,364,53
4848,364,54
4849,364,55
4850,364,56
4851,364,57
4852,364,58
4853,364,59
4854,364,60
4855,364,61
4856,364,62
4857,364,63
4858,364,64
4859,364,65
4860,364,66
4861,365,1
4862,365,2
4863,365,3
4864,365,4
4865,365,5
4866,365,6
4867,365,7
4868,365,8
4869,365,9
4870,365,10
4871,365,11
4872,365,12
4873,366,25
4874,366,26
4875,366,27
4876,366,28
4877,366,29
4878,366,30
4879,366,31
4880,366,32
4881,366,33
4882,366,34
4883,366,35
4884,366,36
4885,367,1
4886,367,2
4887,367,3
4888,367,4
4889,367,5
4890,367,6
4891,367,7
4892,367,8
4893,367,9
4894,367,10
4895,367,11
4896,367,12
4897,368,112
4898,368,113
4899,368,114
4900,368,115
4901,368,116
4902,368,117
4903,368,118
4904,368,119
4905,368,120
4906,369,97
4907,369,98
4908,369,99
4909,369,100
4910,369,101
4911,369,102
4912,369,103
4913,369,104
4914,369,105
4915,369,106
4916,369,107
4917,369,108
4918,369,109
4919,369,110
4920,369,111
4921,370,13
4922,370,14
4923,370,15
4924,370,16
4925,370,17
4926,370,18
4927,370,19
4928,370,20
4929,370,21
4930,370,22
4931,370,23
4932,370,24
4933,371,112
4934,371,113
4935,371,114
4936,371,115
4937,371,116
4938,371,117
4939,371,118
4940,371,119
4941,371,120
4942,372,13
4943,372,14
4944,372,15
4945,372,16
4946,372,17
4947,372,18
4948,372,19
4949,372,20
4950,372,21
4951,372,22
4952,372,23
4953,372,24
4954,373,25
4955,373,26
4956,373,27
4957,373,28
4958,373,29
4959,373,30
4960,373,31
4961,373,32
4962,373,33
4963,373,34
4964,373,35
4965,373,36
4966,374,82
4967,374,83
4968,374,84
4969,374,85
4970,374,86
4971,374,87
4972,374,88
4973,374,89
4974,374,90
4975,374,91
4976,374,92
4977,374,93
4978,374,94
4979,374,95
4980,374,96
4981,375,67
4982,375,68
4983,375,69
4984,375,70
4985,375,71
4986,375,72
4987,375,73
4988,375,74
4989,375,75
4990,375,76
4991,375,77
4992,375,78
4993,375,79
4994,375,80
4995,375,81
4996,376,52
4997,376,53
4998,376,54
4999,376,55
5000,376,56
5001,376,57
5002,376,58
5003,376,59
5004,376,60
5005,376,61
5006,376,62
5007,376,63
5008,376,64
5009,376,65
5010,376,66
5011,377,67
5012,377,68
5013,377,69
5014,377,70
5015,377,71
5016,377,72
5017,377,73
5018,377,74
5019,377,75
5020,377,76
5021,377,77
5022,377,78
5023,377,79
5024,377,80
5025,377,81
5026,378,52
5027,378,53
5028,378,54
5029,378,55
5030,378,56
5031,378,57
5032,378,58
5033,378,59
5034,378,60
5035,378,61
5036,378,62
5037,378,63
5038,378,64
5039,378,65
5040,378,66
5041,379,82
5042,379,83
5043,379,84
5044,379,85
5045,379,86
5046,379,87
5047,379,88
5048,379,89
5049,379,90
5050,379,91
5051,379,92
5052,379,93
5053,379,94
5054,379,95
5055,379,96
5056,380,1
5057,380,2
5058,380,3
5059,380,4
5060,380,5
5061,380,6
5062,380,7
5063,380,8
5064,380,9
5065,380,10
5066,380,11
5067,380,12
5068,381,37
5069,381,38
5070,381,39
5071,381,40
5072,381,41
5073,381,42
5074,381,43
5075,381,44
5076,381,45
5077,381,46
5078,381,47
5079,381,48
5080,381,49
5081,381,50
5082,381,51
5083,382,82
5084,382,83
5085,382,84
5086,382,85
5087,382,86
5088,382,87
5089,382,88
5090,382,89
5091,382,90
5092,382,91
5093,382,92
5094,382,93
5095,382,94
5096,382,95
5097,382,96
5098,383,82
5099,383,83
5100,383,84
5101,383,85
5102,383,86
5103,383,87
5104,383,88
5105,383,89
5106,383,90
5107,383,91
5108,383,92
5109,383,93
5110,383,94
5111,383,95
5112,383,96
5113,384,25
5114,384,26
5115,384,27
5116,384,28
5117,384,29
5118,384,30
5119,384,31
5120,384,32
5121,384,33
5122,384,34
5123,384,35
5124,384,36
5125,385,67
5126,385,68
5127,385,69
5128,385,70
5129,385,71
5130,385,72
5131,385,73
5132,385,74
5133,385,75
5134,385,76
5135,385,77
5136,385,78
5137,385,79
5138,385,80
5139,385,81
5140,386,67
5141,386,68
5142,386,69
5143,386,70
5144,386,71
5145,386,72
5146,386,73
5147,386,74
5148,386,75
5149,386,76
5150,386,77
5151,386,78
5152,386,79
5153,386,80
5154,386,81
5155,387,97
5156,387,98
5157,387,99
5158,387,100
5159,387,101
5160,387,102
5161,387,103
5162,387,104
5163,387,105
5164,387,106
5165,387,107
5166,387,108
5167,387,109
5168,387,110
5169,387,111
5170,388,97
5171,388,98
5172,388,99
5173,388,100
5174,388,101
5175,388,102
5176,388,103
5177,388,104
5178,388,105
5179,388,106
5180,388,107
5181,388,108
5182,388,109
5183,388,110
5184,388,111
5185,389,13
5186,389,14
5187,389,15
5188,389,16
5189,389,17
5190,389,18
5191,389,19
5192,389,20
5193,389,21
5194,389,22
5195,389,23
5196,389,24
5197,390,67
5198,390,68
5199,390,69
5200,390,70
5201,390,71
5202,390,72
5203,390,73
5204,390,74
5205,390,75
5206,390,76
5207,390,77
5208,390,78
5209,390,79
5210,390,80
5211,390,81
5212,391,13
5213,391,14
5214,391,15
5215,391,16
5216,391,17
5217,391,18
5218,391,19
5219,391,20
5220,391,21
5221,391,22
5222,391,23
5223,391,24
5224,392,1
5225,392,2
5226,392,3
5227,392,4
5228,392,5
5229,392,6
5230,392,7
5231,392,8
5232,392,9
5233,392,10
5234,392,11
5235,392,12
5236,393,13
5237,393,14
5238,393,15
5239,393,16
5240,393,17
5241,393,18
5242,393,19
5243,393,20
5244,393,21
5245,393,22
5246,393,23
5247,393,24
5248,394,82
5249,394,83
5250,394,84
5251,394,85
5252,394,86
5253,394,87
5254,394,88
5255,394,89
5256,394,90
5257,394,91
5258,394,92
5259,394,93
5260,394,94
5261,394,95
5262,394,96
5263,395,112
5264,395,113
5265,395,114
5266,395,115
5267,395,116
5268,395,117
5269,395,118
5270,395,119
5271,395,120
5272,396,82
5273,396,83
5274,396,84
5275,396,85
5276,396,86
5277,396,87
5278,396,88
5279,396,89
5280,396,90
5281,396,91
5282,396,92
5283,396,93
5284,396,94
5285,396,95
5286,396,96
5287,397,67
5288,397,68
5289,397,69
5290,397,70
5291,397,71
5292,397,72
5293,397,73
5294,397,74
5295,397,75
5296,397,76
5297,397,77
5298,397,78
5299,397,79
5300,397,80
5301,397,81
5302,398,52
5303,398,53
5304,398,54
5305,398,55
5306,398,56
5307,398,57
5308,398,58
5309,398,59
5310,398,60
5311,398,61
5312,398,62
5313,398,63
5314,398,64
5315,398,65
5316,398,66
5317,399,67
5318,399,68
5319,399,69
5320,399,70
5321,399,71
5322,399,72
5323,399,73
5324,399,74
5325,399,75
5326,399,76
5327,399,77
5328,399,78
5329,399,79
5330,399,80
5331,399,81
5332,400,82
5333,400,83
5334,400,84
5335,400,85
5336,400,86
5337,400,87
5338,400,88
5339,400,89
5340,400,90
5341,400,91
5342,400,92
5343,400,93
5344,400,94
5345,400,95
5346,400,96
5347,401,97
5348,401,98
5349,401,99
5350,401,100
5351,401,101
5352,401,102
5353,401,103
5354,401,104
5355,401,105
5356,401,106
5357,401,107
5358,401,108
5359,401,109
5360,401,110
5361,401,111
5362,402,97
5363,402,98
5364,402,99
5365,402,100
5366,402,101
5367,402,102
5368,402,103
5369,402,104
5370,402,105
5371,402,106
5372,402,107
5373,402,108
5374,402,109
5375,402,110
5376,402,111
5377,403,52
5378,403,53
5379,403,54
5380,403,55
5381,403,56
5382,403,57
5383,403,58
5384,403,59
5385,403,60
5386,403,61
5387,403,62
5388,403,63
5389,403,64
5390,403,65
5391,403,66
5392,404,97
5393,404,98
5394,404,99
5395,404,100
5396,404,101
5397,404,102
5398,404,103
5399,404,104
5400,404,105
5401,404,106
5402,404,107
5403,404,108
5404,404,109
5405,404,110
5406,404,111
5407,405,52
5408,405,53
5409,405,54
5410,405,55
5411,405,56
5412,405,57
5413,405,58
5414,405,59
5415,405,60
5416,405,61
5417,405,62
5418,405,63
5419,405,64
5420,405,65
5421,405,66
5422,406,97
5423,406,98
5424,406,99
5425,406,100
5426,406,101
5427,406,102
5428,406,103
5429,406,104
5430,406,105
5431,406,106
5432,406,107
5433,406,108
5434,406,109
5435,406,110
5436,406,111
5437,407,97
5438,407,98
5439,407,99
5440,407,100
5441,407,101
5442,407,102
5443,407,103
5444,407,104
5445,407,105
5446,407,106
5447,407,107
5448,407,108
5449,407,109
5450,407,110
5451,407,111
5452,408,13
5453,408,14
5454,408,15
5455,408,16
5456,408,17
5457,408,18
5458,408,19
5459,408,20
5460,408,21
5461,408,22
5462,408,23
5463,408,24
5464,409,82
5465,409,83
5466,409,84
5467,409,85
5468,409,86
5469,409,87
5470,409,88
5471,409,89
5472,409,90
5473,409,91
5474,409,92
5475,409,93
5476,409,94
5477,409,95
5478,409,96
5479,410,67
5480,410,68
5481,410,69
5482,410,70
5483,410,71
5484,410,72
5485,410,73
5486,410,74
5487,410,75
5488,410,76
5489,410,77
5490,410,78
5491,410,79
5492,410,80
5493,410,81
5494,411,52
5495,411,53
5496,411,54
5497,411,55
5498,411,56
5499,411,57
5500,411,58
5501,411,59
5502,411,60
5503,411,61
5504,411,62
5505,411,63
5506,411,64
5507,411,65
5508,411,66
5509,412,112
5510,412,113
5511,412,114
5512,412,115
5513,412,116
5514,412,117
5515,412,118
5516,412,119
5517,412,120
5518,413,52
5519,413,53
5520,413,54
5521,413,55
5522,413,56
5523,413,57
5524,413,58
5525,413,59
5526,413,60
5527,413,61
5528,413,62
5529,413,63
5530,413,64
5531,413,65
5532,413,66
5533,414,1
5534,414,2
5535,414,3
5536,414,4
5537,414,5
5538,414,6
5539,414,7
5540,414,8
5541,414,9
5542,414,10
5543,414,11
5544,414,12
5545,415,82
5546,415,83
5547,415,84
5548,415,85
5549,415,86
5550,415,87
5551,415,88
5552,415,89
5553,415,90
5554,415,91
5555,415,92
5556,415,93
5557,415,94
5558,415,95
5559,415,96
5560,416,82
5561,416,83
5562,416,84
5563,416,85
5564,416,86
5565,416,87
5566,416,88
5567,416,89
5568,416,90
5569,416,91
5570,416,92
5571,416,93
5572,416,94
5573,416,95
5574,416,96
5575,417,37
5576,417,38
5577,417,39
5578,417,40
5579,417,41
5580,417,42
5581,417,43
5582,417,44
5583,417,45
5584,417,46
5585,417,47
5586,417,48
5587,417,49
5588,417,50
5589,417,51
5590,418,112
5591,418,113
5592,418,114
5593,418,115
5594,418,116
5595,418,117
5596,418,118
5597,418,119
5598,418,120
5599,419,52
5600,419,53
5601,419,54
5602,419,55
5603,419,56
5604,419,57
5605,419,58
5606,419,59
5607,419,60
5608,419,61
5609,419,62
5610,419,63
5611,419,64
5612,419,65
5613,419,66
5614,420,82
5615,420,83
5616,420,84
5617,420,85
5618,420,86
5619,420,87
5620,420,88
5621,420,89
5622,420,90
5623,420,91
5624,420,92
5625,420,93
5626,420,94
5627,420,95
5628,420,96
5629,421,112
5630,421,113
5631,421,114
5632,421,115
5633,421,116
5634,421,117
5635,421,118
5636,421,119
5637,421,120
5638,422,67
5639,422,68
5640,422,69
5641,422,70
5642,422,71
5643,422,72
5644,422,73
5645,422,74
5646,422,75
5647,422,76
5648,422,77
5649,422,78
5650,422,79
5651,422,80
5652,422,81
5653,423,13
5654,423,14
5655,423,15
5656,423,16
5657,423,17
5658,423,18
5659,423,19
5660,423,20
5661,423,21
5662,423,22
5663,423,23
5664,423,24
5665,424,25
5666,424,26
5667,424,27
5668,424,28
5669,424,29
5670,424,30
5671,424,31
5672,424,32
5673,424,33
5674,424,34
5675,424,35
5676,424,36
5677,425,37
5678,425,38
5679,425,39
5680,425,40
5681,425,41
5682,425,42
5683,425,43
5684,425,44
5685,425,45
5686,425,46
5687,425,47
5688,425,48
5689,425,49
5690,425,50
5691,425,51
5692,426,112
5693,426,113
5694,426,114
5695,426,115
5696,426,116
5697,426,117
5698,426,118
5699,426,119
5700,426,120
5701,427,97
5702,427,98
5703,427,99
5704,427,100
5705,427,101
5706,427,102
5707,427,103
5708,427,104
5709,427,105
5710,427,106
5711,427,107
5712,427,108
5713,427,109
5714,427,110
5715,427,111
5716,428,67
5717,428,68
5718,428,69
5719,428,70
5720,428,71
5721,428,72
5722,428,73
5723,428,74
5724,428,75
5725,428,76
5726,428,77
5727,428,78
5728,428,79
5729,428,80
5730,428,81
5731,429,82
5732,429,83
5733,429,84
5734,429,85
5735,429,86
5736,429,87
5737,429,88
5738,429,89
5739,429,90
5740,429,91
5741,429,92
5742,429,93
5743,429,94
5744,429,95
5745,429,96
5746,430,82
5747,430,83
5748,430,84
5749,430,85
5750,430,86
5751,430,87
5752,430,88
5753,430,89
5754,430,90
5755,430,91
5756,430,92
5757,430,93
5758,430,94
5759,430,95
5760,430,96
5761,431,97
5762,431,98
5763,431,99
5764,431,100
5765,431,101
5766,431,102
5767,431,103
5768,431,104
5769,431,105
5770,431,106
5771,431,107
5772,431,108
5773,431,109
5774,431,110
5775,431,111
5776,432,82
5777,432,83
5778,432,84
5779,432,85
5780,432,86
5781,432,87
5782,432,88
5783,432,89
5784,432,90
5785,432,91
5786,432,92
5787,432,93
5788,432,94
5789,432,95
5790,432,96
5791,433,1
5792,433,2
5793,433,3
5794,433,4
5795,433,5
5796,433,6
5797,433,7
5798,433,8
5799,433,9
5800,433,10
5801,433,11
5802,433,12
5803,434,1
5804,434,2
5805,434,3
5806,434,4
5807,434,5
5808,434,6
5809,434,7
5810,434,8
5811,434,9
5812,434,10
5813,434,11
5814,434,12
5815,435,25
5816,435,26
5817,435,27
5818,435,28
5819,435,29
5820,435,30
5821,435,31
5822,435,32
5823,435,33
5824,435,34
5825,435,35
5826,435,36
5827,436,112
5828,436,113
5829,436,114
5830,436,115
5831,436,116
5832,436,117
5833,436,118
5834,436,119
5835,436,120
5836,437,13
5837,437,14
5838,437,15
5839,437,16
5840,437,17
5841,437,18
5842,437,19
5843,437,20
5844,437,21
5845,437,22
5846,437,23
5847,437,24
5848,438,52
5849,438,53
5850,438,54
5851,438,55
5852,438,56
5853,438,57
5854,438,58
5855,438,59
5856,438,60
5857,438,61
5858,438,62
5859,438,63
5860,438,64
5861,438,65
5862,438,66
5863,439,112
5864,439,113
5865,439,114
5866,439,115
5867,439,116
5868,439,117
5869,439,118
5870,439,119
5871,439,120
5872,440,25
5873,440,26
5874,440,27
5875,440,28
5876,440,29
5877,440,30
5878,440,31
5879,440,32
5880,440,33
5881,440,34
5882,440,35
5883,440,36
5884,441,13
5885,441,14
5886,441,15
5887,441,16
5888,441,17
5889,441,18
5890,441,19
5891,441,20
5892,441,21
5893,441,22
5894,441,23
5895,441,24
5896,442,25
5897,442,26
5898,442,27
5899,442,28
5900,442,29
5901,442,30
5902,442,31
5903,442,32
5904,442,33
5905,442,34
5906,442,35
5907,442,36
5908,443,82
5909,443,83
5910,443,84
5911,443,85
5912,443,86
5913,443,87
5914,443,88
5915,443,89
5916,443,90
5917,443,91
5918,443,92
5919,443,93
5920,443,94
5921,443,95
5922,443,96
5923,444,112
5924,444,113
5925,444,114
5926,444,115
5927,444,116
5928,444,117
5929,444,118
5930,444,119
5931,444,120
5932,445,1
5933,445,2
5934,445,3
5935,445,4
5936,445,5
5937,445,6
5938,445,7
5939,445,8
5940,445,9
5941,445,10
5942,445,11
5943,445,12
5944,446,37
5945,446,38
5946,446,39
5947,446,40
5948,446,41
5949,446,42
5950,446,43
5951,446,44
5952,446,45
5953,446,46
5954,446,47
5955,446,48
5956,446,49
5957,446,50
5958,446,51
5959,447,82
5960,447,83
5961,447,84
5962,447,85
5963,447,86
5964,447,87
5965,447,88
5966,447,89
5967,447,90
5968,447,91
5969,447,92
5970,447,93
5971,447,94
5972,447,95
5973,447,96
5974,448,37
5975,448,38
5976,448,39
5977,448,40
5978,448,41
5979,448,42
5980,448,43
5981,448,44
5982,448,45
5983,448,46
5984,448,47
5985,448,48
5986,448,49
5987,448,50
5988,448,51
5989,449,67
5990,449,68
5991,449,69
5992,449,70
5993,449,71
5994,449,72
5995,449,73
5996,449,74
5997,449,75
5998,449,76
5999,449,77
6000,449,78
