guardian_id,full_name,phone,email,relationship
1,Talia Espinoza,602-555-6946,talia.espinoza897@example.org,Grandparent
2,Lena Young,602-555-2530,lena.young108@example.org,Mother
3,Elijah Chavez,602-555-6115,elijah.chavez390@example.org,Guardian
4,Daniel Espinoza,602-555-7270,daniel.espinoza529@example.org,Father
5,Beatriz Espinoza,602-555-0011,beatriz.espinoza428@example.org,Grandparent
6,Carla Vasquez,602-555-7282,carla.vasquez823@example.org,Grandparent
7,Aaliyah Romero,602-555-3748,aaliyah.romero940@example.org,Mother
8,Zoe Chavez,602-555-1720,zoe.chavez463@example.org,Guardian
9,Sebastian Bennett,602-555-5019,sebastian.bennett132@example.org,Grandparent
10,Victor Tsosie,602-555-2692,victor.tsosie665@example.org,Mother
11,Rosa Tsosie,602-555-4674,rosa.tsosie959@example.org,Guardian
12,Victor Young,602-555-1544,victor.young242@example.org,Father
13,Omar Jackson,602-555-2647,omar.jackson944@example.org,Guardian
14,Rafael Robinson,602-555-6109,rafael.robinson685@example.org,Grandparent
15,Lena Robinson,602-555-9464,lena.robinson281@example.org,Grandparent
16,Miguel Santos,602-555-1192,miguel.santos613@example.org,Mother
17,Wren Santos,602-555-7910,wren.santos693@example.org,Grandparent
18,Lena Dominguez,602-555-3715,lena.dominguez518@example.org,Mother
19,Wren Williams,602-555-5362,wren.williams56@example.org,Mother
20,Olivia Silva,602-555-6428,olivia.silva157@example.org,Guardian
21,Omar Martinez,602-555-3684,omar.martinez791@example.org,Grandparent
22,Renata Martinez,602-555-0450,renata.martinez202@example.org,Grandparent
23,Hector Espinoza,602-555-4401,hector.espinoza98@example.org,Father
24,Samuel Espinoza,602-555-6627,samuel.espinoza544@example.org,Grandparent
25,Beatriz Ramirez,602-555-7634,beatriz.ramirez882@example.org,Mother
26,Renata Ramirez,602-555-1175,renata.ramirez609@example.org,Guardian
27,Lucia Reyes,602-555-1894,lucia.reyes172@example.org,Father
28,Beatriz Ibarra,602-555-0246,beatriz.ibarra61@example.org,Guardian
29,Hana Ibarra,602-555-1128,hana.ibarra733@example.org,Mother
30,Lucia Tsosie,602-555-9450,lucia.tsosie28@example.org,Grandparent
31,Nia Padilla,602-555-4394,nia.padilla880@example.org,Father
32,Celeste Gomez,602-555-3768,celeste.gomez386@example.org,Mother
33,Dolores Gomez,602-555-7440,dolores.gomez79@example.org,Father
34,Paloma Tsosie,602-555-9474,paloma.tsosie810@example.org,Grandparent
35,Xavier Hernandez,602-555-1842,xavier.hernandez812@example.org,Father
36,Miguel Flores,602-555-2864,miguel.flores164@example.org,Father
37,Jasmine Singh,602-555-1228,jasmine.singh545@example.org,Guardian
38,Talia Robinson,602-555-1700,talia.robinson50@example.org,Father
39,Esperanza Velasquez,602-555-3269,esperanza.velasquez632@example.org,Mother
40,Samuel Garcia,602-555-4323,samuel.garcia928@example.org,Guardian
41,Isaac Salazar,602-555-7110,isaac.salazar181@example.org,Father
42,Yusuf Garcia,602-555-3355,yusuf.garcia222@example.org,Father
43,Celeste Vasquez,602-555-4998,celeste.vasquez901@example.org,Grandparent
44,Kenji Rivera,602-555-1803,kenji.rivera132@example.org,Guardian
45,Quentin Rivera,602-555-1352,quentin.rivera80@example.org,Father
46,Imani Garcia,602-555-8611,imani.garcia958@example.org,Father
47,Victor Dominguez,602-555-7559,victor.dominguez712@example.org,Mother
48,Gavin Espinoza,602-555-3125,gavin.espinoza957@example.org,Guardian
49,Rosa Espinoza,602-555-2691,rosa.espinoza568@example.org,Grandparent
50,Kenji Morales,602-555-7549,kenji.morales457@example.org,Grandparent
51,Olivia Flores,602-555-6937,olivia.flores397@example.org,Guardian
52,Nathan Singh,602-555-0163,nathan.singh814@example.org,Mother
53,Olivia Mendoza,602-555-2583,olivia.mendoza786@example.org,Grandparent
54,Sebastian Salazar,602-555-2016,sebastian.salazar120@example.org,Father
55,Benjamin Salazar,602-555-5511,benjamin.salazar245@example.org,Father
56,Nia Ortiz,602-555-1833,nia.ortiz374@example.org,Mother
57,Sebastian Ortiz,602-555-8124,sebastian.ortiz268@example.org,Grandparent
58,Kaya Sanchez,602-555-9063,kaya.sanchez691@example.org,Guardian
59,Gavin Sanchez,602-555-8953,gavin.sanchez412@example.org,Mother
60,Paloma Padilla,602-555-3521,paloma.padilla394@example.org,Grandparent
61,Marcus Valdez,602-555-7571,marcus.valdez22@example.org,Grandparent
62,Olivia Gutierrez,602-555-1731,olivia.gutierrez537@example.org,Mother
63,Owen Cruz,602-555-5076,owen.cruz993@example.org,Mother
64,Tomas Cruz,602-555-0633,tomas.cruz247@example.org,Grandparent
65,Lucia Velasquez,602-555-3866,lucia.velasquez510@example.org,Mother
66,Kenji Velasquez,602-555-7171,kenji.velasquez89@example.org,Grandparent
67,Kenji Yazzie,602-555-4732,kenji.yazzie932@example.org,Grandparent
68,Gabriela Yazzie,602-555-2173,gabriela.yazzie646@example.org,Guardian
69,Andre Chen,602-555-5037,andre.chen537@example.org,Mother
70,Benjamin Robinson,602-555-5497,benjamin.robinson33@example.org,Mother
71,Javier Chavez,602-555-2871,javier.chavez433@example.org,Grandparent
72,Mateo Mendoza,602-555-3436,mateo.mendoza373@example.org,Grandparent
73,Omar Acosta,602-555-2212,omar.acosta407@example.org,Mother
74,Uriel Chavez,602-555-3751,uriel.chavez356@example.org,Father
75,Esperanza Kim,602-555-1239,esperanza.kim24@example.org,Father
76,Elijah Kim,602-555-5211,elijah.kim982@example.org,Guardian
77,Gavin Singh,602-555-8555,gavin.singh414@example.org,Father
78,Dolores Singh,602-555-3723,dolores.singh627@example.org,Father
79,Celeste Singh,602-555-6701,celeste.singh238@example.org,Guardian
80,Samuel Padilla,602-555-8522,samuel.padilla427@example.org,Grandparent
81,Olivia Perez,602-555-6140,olivia.perez959@example.org,Grandparent
82,Carlos Lopez,602-555-9272,carlos.lopez594@example.org,Grandparent
83,Yara Delgado,602-555-7754,yara.delgado822@example.org,Father
84,Ana Gomez,602-555-3457,ana.gomez799@example.org,Guardian
85,Miguel Perez,602-555-9992,miguel.perez412@example.org,Father
86,Ana Williams,602-555-0160,ana.williams131@example.org,Father
87,Paloma Ibarra,602-555-7482,paloma.ibarra675@example.org,Father
88,Rafael Velasquez,602-555-9191,rafael.velasquez262@example.org,Father
89,Valeria Velasquez,602-555-6002,valeria.velasquez1@example.org,Grandparent
90,Elijah Valdez,602-555-2075,elijah.valdez683@example.org,Mother
91,Hector Gomez,602-555-0192,hector.gomez957@example.org,Grandparent
92,Jasmine Rivera,602-555-1165,jasmine.rivera160@example.org,Grandparent
93,Valeria Espinoza,602-555-5301,valeria.espinoza492@example.org,Mother
94,Samuel Espinoza,602-555-2693,samuel.espinoza130@example.org,Guardian
95,Mateo Ramirez,602-555-7411,mateo.ramirez990@example.org,Guardian
96,Renata Bennett,602-555-7672,renata.bennett699@example.org,Mother
97,Carlos Flores,602-555-2427,carlos.flores355@example.org,Grandparent
98,Kenji Delgado,602-555-8966,kenji.delgado624@example.org,Father
99,Isaac Acosta,602-555-0373,isaac.acosta260@example.org,Grandparent
100,Marisol Patel,602-555-7172,marisol.patel523@example.org,Father
101,Esperanza Kim,602-555-3472,esperanza.kim256@example.org,Guardian
102,Olivia Kim,602-555-3787,olivia.kim174@example.org,Mother
103,Marcus Reyes,602-555-2001,marcus.reyes546@example.org,Mother
104,Sebastian Vargas,602-555-8784,sebastian.vargas641@example.org,Mother
105,Diego Jimenez,602-555-7011,diego.jimenez92@example.org,Grandparent
106,Andre Jimenez,602-555-6380,andre.jimenez964@example.org,Guardian
107,Alma Delgado,602-555-5195,alma.delgado414@example.org,Guardian
108,Daniel Yazzie,602-555-3833,daniel.yazzie142@example.org,Grandparent
109,Carlos Silva,602-555-8299,carlos.silva290@example.org,Mother
110,Sebastian Silva,602-555-0446,sebastian.silva225@example.org,Father
111,Carlos Vasquez,602-555-5512,carlos.vasquez365@example.org,Father
112,Miguel Vasquez,602-555-8308,miguel.vasquez957@example.org,Mother
113,Omar Morales,602-555-5146,omar.morales435@example.org,Father
114,Alma Tsosie,602-555-6878,alma.tsosie219@example.org,Guardian
115,Hector Ibarra,602-555-7924,hector.ibarra238@example.org,Mother
116,Andre Morales,602-555-1247,andre.morales135@example.org,Father
117,Daniel Delgado,602-555-0579,daniel.delgado265@example.org,Grandparent
118,Hector Delgado,602-555-4532,hector.delgado590@example.org,Mother
119,Xavier Vasquez,602-555-3648,xavier.vasquez358@example.org,Father
120,Hector Delgado,602-555-2683,hector.delgado97@example.org,Grandparent
121,Celeste Singh,602-555-1189,celeste.singh122@example.org,Mother
122,Jonah Padilla,602-555-2388,jonah.padilla383@example.org,Father
123,Valeria Padilla,602-555-4982,valeria.padilla306@example.org,Father
124,Kenji Foster,602-555-0650,kenji.foster247@example.org,Grandparent
125,Rosa Foster,602-555-1027,rosa.foster421@example.org,Mother
126,Jonah Garcia,602-555-2696,jonah.garcia275@example.org,Father
127,Marisol Ramirez,602-555-4439,marisol.ramirez35@example.org,Grandparent
128,Diego Patel,602-555-6479,diego.patel924@example.org,Mother
129,Sebastian Chavez,602-555-5353,sebastian.chavez977@example.org,Grandparent
130,Marisol Romero,602-555-5837,marisol.romero441@example.org,Guardian
131,Quentin Yazzie,602-555-4655,quentin.yazzie406@example.org,Mother
132,Carla Tsosie,602-555-2091,carla.tsosie188@example.org,Mother
133,Rafael Lopez,602-555-2504,rafael.lopez6@example.org,Father
134,Nathan Chen,602-555-5687,nathan.chen868@example.org,Father
135,Marisol Ramirez,602-555-4655,marisol.ramirez406@example.org,Mother
136,Jonah Castillo,602-555-7358,jonah.castillo594@example.org,Grandparent
137,Hector Rivera,602-555-7469,hector.rivera854@example.org,Mother
138,Dolores Chavez,602-555-8713,dolores.chavez816@example.org,Father
139,Felix Chavez,602-555-8287,felix.chavez167@example.org,Mother
140,Noor Nguyen,602-555-8236,noor.nguyen660@example.org,Guardian
141,Benjamin Patel,602-555-8990,benjamin.patel825@example.org,Guardian
142,Isaac Young,602-555-8470,isaac.young421@example.org,Guardian
143,Hana Patel,602-555-7593,hana.patel67@example.org,Grandparent
144,Hana Rivera,602-555-9077,hana.rivera658@example.org,Guardian
145,Quentin Yazzie,602-555-2645,quentin.yazzie244@example.org,Guardian
146,Elijah Martinez,602-555-7281,elijah.martinez104@example.org,Father
147,Talia Martinez,602-555-0534,talia.martinez391@example.org,Guardian
148,Diego Ortiz,602-555-0348,diego.ortiz688@example.org,Mother
149,Adrian Ortiz,602-555-1817,adrian.ortiz429@example.org,Father
150,Samuel Perez,602-555-1364,samuel.perez280@example.org,Guardian
151,Felix Perez,602-555-9330,felix.perez343@example.org,Father
152,Isaac Sanchez,602-555-1750,isaac.sanchez242@example.org,Grandparent
153,Nia Jimenez,602-555-2652,nia.jimenez345@example.org,Grandparent
154,Owen Sanchez,602-555-8891,owen.sanchez544@example.org,Father
155,Gavin Morales,602-555-1519,gavin.morales198@example.org,Grandparent
156,Daniel Ortiz,602-555-0614,daniel.ortiz423@example.org,Father
157,Lena Morales,602-555-1382,lena.morales346@example.org,Mother
158,Celeste Kim,602-555-5633,celeste.kim123@example.org,Guardian
159,Daniel Kim,602-555-9838,daniel.kim858@example.org,Mother
160,Uriel Martinez,602-555-6101,uriel.martinez873@example.org,Guardian
161,Hana Bennett,602-555-2559,hana.bennett539@example.org,Father
162,Lucia Bennett,602-555-1174,lucia.bennett103@example.org,Guardian
163,Tomas Hernandez,602-555-9650,tomas.hernandez391@example.org,Grandparent
164,Celeste Padilla,602-555-9998,celeste.padilla433@example.org,Grandparent
165,Gabriela Ramirez,602-555-7704,gabriela.ramirez35@example.org,Father
166,Dolores Medina,602-555-6597,dolores.medina404@example.org,Father
167,Imani Garcia,602-555-4431,imani.garcia16@example.org,Guardian
168,Mateo Padilla,602-555-3920,mateo.padilla680@example.org,Mother
169,Alma Padilla,602-555-0985,alma.padilla137@example.org,Mother
170,Miguel Williams,602-555-4401,miguel.williams255@example.org,Guardian
171,Omar Robinson,602-555-3415,omar.robinson470@example.org,Grandparent
172,Andre Young,602-555-9524,andre.young734@example.org,Grandparent
173,Valeria Morales,602-555-3972,valeria.morales254@example.org,Mother
174,Quentin Young,602-555-3145,quentin.young95@example.org,Mother
175,Daniel Kim,602-555-9785,daniel.kim489@example.org,Mother
176,Benjamin Kim,602-555-4356,benjamin.kim299@example.org,Grandparent
177,Lucia Singh,602-555-5148,lucia.singh613@example.org,Father
178,Gavin Hernandez,602-555-7199,gavin.hernandez832@example.org,Grandparent
179,Omar Kim,602-555-2980,omar.kim382@example.org,Mother
180,Aaliyah Gutierrez,602-555-6967,aaliyah.gutierrez307@example.org,Mother
181,Hector Sanchez,602-555-3062,hector.sanchez963@example.org,Grandparent
182,Tomas Delgado,602-555-4238,tomas.delgado91@example.org,Mother
183,Nadia Castillo,602-555-1825,nadia.castillo878@example.org,Mother
184,Beatriz Reyes,602-555-6576,beatriz.reyes27@example.org,Father
185,Yusuf Salazar,602-555-9102,yusuf.salazar938@example.org,Guardian
186,Marcus Salazar,602-555-6988,marcus.salazar209@example.org,Guardian
187,Sebastian Dominguez,602-555-9161,sebastian.dominguez661@example.org,Mother
188,Sebastian Bennett,602-555-9070,sebastian.bennett831@example.org,Father
189,Isaac Valdez,602-555-5519,isaac.valdez776@example.org,Mother
190,Samuel Valdez,602-555-5391,samuel.valdez101@example.org,Father
191,Elijah Patel,602-555-2713,elijah.patel645@example.org,Guardian
192,Gavin Romero,602-555-6920,gavin.romero829@example.org,Grandparent
193,Ana Ramirez,602-555-7799,ana.ramirez637@example.org,Grandparent
194,Marisol Washington,602-555-7268,marisol.washington439@example.org,Guardian
195,Aaliyah Jackson,602-555-2441,aaliyah.jackson172@example.org,Guardian
196,Benjamin Dominguez,602-555-0053,benjamin.dominguez962@example.org,Grandparent
197,Yusuf Gomez,602-555-3078,yusuf.gomez380@example.org,Grandparent
198,Samuel Vargas,602-555-8602,samuel.vargas172@example.org,Father
199,Valeria Ramirez,602-555-9496,valeria.ramirez687@example.org,Mother
200,Wren Romero,602-555-3031,wren.romero148@example.org,Father
201,Lena Martinez,602-555-9827,lena.martinez892@example.org,Guardian
202,Benjamin Martinez,602-555-3209,benjamin.martinez600@example.org,Father
203,Zoe Garcia,602-555-8250,zoe.garcia404@example.org,Mother
204,Daniel Garcia,602-555-1750,daniel.garcia259@example.org,Mother
205,Marcus Patel,602-555-1639,marcus.patel407@example.org,Mother
206,Beatriz Washington,602-555-7923,beatriz.washington578@example.org,Mother
207,Paloma Delgado,602-555-5791,paloma.delgado471@example.org,Guardian
208,Marisol Delgado,602-555-0836,marisol.delgado675@example.org,Mother
209,Mateo Rivera,602-555-6986,mateo.rivera973@example.org,Grandparent
210,Sebastian Rivera,602-555-2158,sebastian.rivera417@example.org,Guardian
211,Wren Ibarra,602-555-4371,wren.ibarra68@example.org,Grandparent
212,Lucia Lopez,602-555-6357,lucia.lopez963@example.org,Mother
213,Gavin Gomez,602-555-1162,gavin.gomez473@example.org,Mother
214,Felix Vargas,602-555-4898,felix.vargas939@example.org,Grandparent
215,Marcus Hernandez,602-555-5110,marcus.hernandez810@example.org,Father
216,Kaya Foster,602-555-1153,kaya.foster948@example.org,Grandparent
217,Rosa Foster,602-555-1124,rosa.foster989@example.org,Mother
218,Sebastian Singh,602-555-7551,sebastian.singh804@example.org,Mother
219,Carlos Ramirez,602-555-1819,carlos.ramirez689@example.org,Guardian
220,Felix Salazar,602-555-6394,felix.salazar32@example.org,Grandparent
221,Renata Salazar,602-555-2170,renata.salazar470@example.org,Mother
222,Wren Kim,602-555-8248,wren.kim357@example.org,Grandparent
223,Daniel Silva,602-555-6481,daniel.silva979@example.org,Father
224,Gabriela Delgado,602-555-6653,gabriela.delgado850@example.org,Mother
225,Elijah Delgado,602-555-5947,elijah.delgado831@example.org,Father
226,Owen Delgado,602-555-4818,owen.delgado109@example.org,Father
227,Adrian Robinson,602-555-1062,adrian.robinson149@example.org,Mother
228,Tomas Robinson,602-555-6967,tomas.robinson643@example.org,Guardian
229,Yusuf Romero,602-555-4942,yusuf.romero801@example.org,Father
230,Tomas Martinez,602-555-9014,tomas.martinez811@example.org,Guardian
231,Jonah Velasquez,602-555-7223,jonah.velasquez643@example.org,Grandparent
232,Daniel Velasquez,602-555-9627,daniel.velasquez425@example.org,Mother
233,Esperanza Castillo,602-555-3241,esperanza.castillo651@example.org,Father
234,Yusuf Castillo,602-555-0520,yusuf.castillo641@example.org,Father
235,Nadia Torres,602-555-7484,nadia.torres402@example.org,Grandparent
236,Nia Begay,602-555-5364,nia.begay953@example.org,Guardian
237,Tanya Robinson,602-555-4745,tanya.robinson596@example.org,Grandparent
238,Samuel Martinez,602-555-4049,samuel.martinez666@example.org,Guardian
239,Hana Martinez,602-555-3842,hana.martinez917@example.org,Grandparent
240,Hector Patel,602-555-8159,hector.patel701@example.org,Grandparent
241,Nia Medina,602-555-5013,nia.medina301@example.org,Grandparent
242,Mateo Ortiz,602-555-6317,mateo.ortiz506@example.org,Mother
243,Hana Reyes,602-555-7314,hana.reyes239@example.org,Father
244,Benjamin Morales,602-555-2521,benjamin.morales299@example.org,Guardian
245,Carla Mendoza,602-555-3798,carla.mendoza456@example.org,Guardian
246,Imani Mendoza,602-555-8740,imani.mendoza461@example.org,Grandparent
247,Jonah Chen,602-555-2431,jonah.chen919@example.org,Grandparent
248,Felix Chen,602-555-8871,felix.chen410@example.org,Mother
249,Samuel Yazzie,602-555-3625,samuel.yazzie208@example.org,Grandparent
250,Noor Jackson,602-555-3126,noor.jackson676@example.org,Grandparent
251,Lucia Williams,602-555-3784,lucia.williams461@example.org,Mother
252,Gabriela Williams,602-555-6484,gabriela.williams685@example.org,Mother
253,Isaac Castillo,602-555-4605,isaac.castillo934@example.org,Grandparent
254,Paloma Williams,602-555-4759,paloma.williams196@example.org,Mother
255,Hector Williams,602-555-0085,hector.williams452@example.org,Father
256,Zoe Santos,602-555-6727,zoe.santos127@example.org,Mother
257,Jonah Santos,602-555-5721,jonah.santos92@example.org,Father
258,Esperanza Valdez,602-555-7442,esperanza.valdez896@example.org,Mother
259,Diego Valdez,602-555-8132,diego.valdez622@example.org,Guardian
260,Wren Young,602-555-9085,wren.young488@example.org,Mother
261,Rafael Young,602-555-3585,rafael.young697@example.org,Grandparent
262,Hana Jackson,602-555-8565,hana.jackson732@example.org,Guardian
263,Hector Salazar,602-555-5270,hector.salazar151@example.org,Grandparent
264,Rafael Yazzie,602-555-2873,rafael.yazzie916@example.org,Mother
265,Yusuf Cruz,602-555-2042,yusuf.cruz592@example.org,Father
266,Tanya Perez,602-555-1818,tanya.perez71@example.org,Father
267,Dolores Salazar,602-555-6011,dolores.salazar612@example.org,Father
268,Owen Singh,602-555-0483,owen.singh277@example.org,Grandparent
269,Felix Jimenez,602-555-6635,felix.jimenez586@example.org,Grandparent
270,Nadia Singh,602-555-7746,nadia.singh566@example.org,Grandparent
271,Gavin Castillo,602-555-0121,gavin.castillo352@example.org,Guardian
272,Javier Chen,602-555-4794,javier.chen668@example.org,Guardian
273,Ana Romero,602-555-0858,ana.romero530@example.org,Grandparent
274,Celeste Medina,602-555-9293,celeste.medina567@example.org,Father
275,Andre Jackson,602-555-6830,andre.jackson386@example.org,Grandparent
276,Tomas Silva,602-555-3791,tomas.silva882@example.org,Grandparent
277,Dolores Silva,602-555-9120,dolores.silva309@example.org,Mother
278,Lucia Hernandez,602-555-8140,lucia.hernandez782@example.org,Father
279,Carla Chavez,602-555-2168,carla.chavez348@example.org,Mother
280,Wren Perez,602-555-4688,wren.perez925@example.org,Grandparent
281,Isaac Dominguez,602-555-8404,isaac.dominguez929@example.org,Mother
282,Adrian Dominguez,602-555-3240,adrian.dominguez334@example.org,Grandparent
283,Talia Dominguez,602-555-4376,talia.dominguez685@example.org,Grandparent
284,Tomas Chen,602-555-2055,tomas.chen63@example.org,Mother
285,Serena Velasquez,602-555-0768,serena.velasquez446@example.org,Grandparent
286,Benjamin Mendoza,602-555-3101,benjamin.mendoza64@example.org,Father
287,Carlos Vasquez,602-555-0210,carlos.vasquez615@example.org,Mother
288,Samuel Mendoza,602-555-1855,samuel.mendoza656@example.org,Father
289,Xavier Lopez,602-555-8454,xavier.lopez857@example.org,Guardian
290,Imani Lopez,602-555-9476,imani.lopez630@example.org,Father
291,Yara Salazar,602-555-8885,yara.salazar433@example.org,Father
292,Lucia Vargas,602-555-7705,lucia.vargas29@example.org,Mother
293,Renata Romero,602-555-4366,renata.romero962@example.org,Grandparent
294,Jasmine Chavez,602-555-2216,jasmine.chavez379@example.org,Mother
295,Mateo Reyes,602-555-8549,mateo.reyes370@example.org,Guardian
296,Diego Silva,602-555-1826,diego.silva308@example.org,Father
297,Marcus Silva,602-555-2150,marcus.silva837@example.org,Mother
298,Andre Washington,602-555-7046,andre.washington705@example.org,Grandparent
299,Rosa Washington,602-555-3311,rosa.washington856@example.org,Mother
300,Paloma Jimenez,602-555-3949,paloma.jimenez359@example.org,Grandparent
301,Andre Lopez,602-555-0693,andre.lopez2@example.org,Mother
302,Jasmine Bennett,602-555-1404,jasmine.bennett692@example.org,Grandparent
303,Carlos Vasquez,602-555-9351,carlos.vasquez574@example.org,Guardian
304,Noor Vasquez,602-555-1862,noor.vasquez237@example.org,Father
305,Hector Martinez,602-555-7851,hector.martinez796@example.org,Grandparent
306,Victor Martinez,602-555-6996,victor.martinez920@example.org,Mother
307,Omar Chavez,602-555-6237,omar.chavez456@example.org,Grandparent
308,Gabriela Cruz,602-555-2633,gabriela.cruz485@example.org,Mother
309,Tanya Mendoza,602-555-3054,tanya.mendoza971@example.org,Grandparent
310,Jasmine Young,602-555-3097,jasmine.young239@example.org,Grandparent
311,Mateo Bennett,602-555-3223,mateo.bennett825@example.org,Mother
312,Marisol Martinez,602-555-8180,marisol.martinez72@example.org,Father
313,Mateo Torres,602-555-5194,mateo.torres649@example.org,Father
314,Renata Salazar,602-555-5737,renata.salazar288@example.org,Father
315,Olivia Morales,602-555-1203,olivia.morales157@example.org,Father
316,Yara Jackson,602-555-7073,yara.jackson227@example.org,Mother
317,Carla Foster,602-555-4815,carla.foster750@example.org,Father
318,Serena Robinson,602-555-1305,serena.robinson76@example.org,Father
319,Marisol Lopez,602-555-5214,marisol.lopez659@example.org,Father
320,Isaac Young,602-555-4410,isaac.young502@example.org,Mother
321,Hector Yazzie,602-555-6957,hector.yazzie322@example.org,Grandparent
322,Paloma Castillo,602-555-0907,paloma.castillo773@example.org,Grandparent
323,Alma Castillo,602-555-2082,alma.castillo812@example.org,Guardian
324,Xavier Espinoza,602-555-7527,xavier.espinoza362@example.org,Father
325,Imani Gutierrez,602-555-3631,imani.gutierrez652@example.org,Grandparent
326,Yara Gutierrez,602-555-1893,yara.gutierrez712@example.org,Guardian
327,Adrian Young,602-555-1860,adrian.young373@example.org,Grandparent
328,Felix Young,602-555-3679,felix.young946@example.org,Grandparent
329,Celeste Martinez,602-555-1259,celeste.martinez239@example.org,Grandparent
330,Uriel Nguyen,602-555-6295,uriel.nguyen807@example.org,Father
331,Andre Singh,602-555-6610,andre.singh160@example.org,Father
332,Hector Vargas,602-555-4639,hector.vargas976@example.org,Mother
333,Carlos Vargas,602-555-1312,carlos.vargas299@example.org,Father
334,Talia Vargas,602-555-1556,talia.vargas883@example.org,Mother
335,Noor Garcia,602-555-3897,noor.garcia583@example.org,Father
336,Isaac Lopez,602-555-1495,isaac.lopez904@example.org,Mother
337,Talia Cruz,602-555-1729,talia.cruz420@example.org,Grandparent
338,Yusuf Ibarra,602-555-2444,yusuf.ibarra926@example.org,Guardian
339,Carlos Flores,602-555-9099,carlos.flores391@example.org,Grandparent
340,Nadia Delgado,602-555-4453,nadia.delgado675@example.org,Mother
341,Elijah Rivera,602-555-6022,elijah.rivera564@example.org,Guardian
342,Sebastian Martinez,602-555-0513,sebastian.martinez423@example.org,Mother
343,Omar Vasquez,602-555-5884,omar.vasquez778@example.org,Guardian
344,Hector Delgado,602-555-5021,hector.delgado259@example.org,Grandparent
345,Alma Nguyen,602-555-8929,alma.nguyen944@example.org,Father
346,Rosa Nguyen,602-555-0324,rosa.nguyen966@example.org,Mother
347,Wren Vargas,602-555-2048,wren.vargas273@example.org,Guardian
348,Lucia Dominguez,602-555-6893,lucia.dominguez996@example.org,Father
349,Jonah Santos,602-555-6443,jonah.santos806@example.org,Father
350,Lucia Flores,602-555-8164,lucia.flores534@example.org,Guardian
351,Adrian Martinez,602-555-2359,adrian.martinez892@example.org,Guardian
352,Miguel Sanchez,602-555-6526,miguel.sanchez729@example.org,Guardian
353,Daniel Sanchez,602-555-1185,daniel.sanchez765@example.org,Guardian
354,Sebastian Ramirez,602-555-1461,sebastian.ramirez846@example.org,Mother
355,Gabriela Sanchez,602-555-0926,gabriela.sanchez702@example.org,Guardian
356,Tanya Gutierrez,602-555-9674,tanya.gutierrez620@example.org,Grandparent
357,Esperanza Morales,602-555-9946,esperanza.morales445@example.org,Grandparent
358,Jasmine Jackson,602-555-4143,jasmine.jackson925@example.org,Mother
359,Elijah Mendoza,602-555-7475,elijah.mendoza260@example.org,Mother
360,Lucia Tsosie,602-555-7999,lucia.tsosie389@example.org,Mother
361,Jasmine Flores,602-555-2061,jasmine.flores421@example.org,Mother
362,Jonah Flores,602-555-4505,jonah.flores774@example.org,Mother
363,Renata Ortiz,602-555-3004,renata.ortiz318@example.org,Guardian
364,Uriel Silva,602-555-0950,uriel.silva572@example.org,Guardian
365,Celeste Patel,602-555-9830,celeste.patel594@example.org,Mother
366,Elijah Torres,602-555-5116,elijah.torres967@example.org,Father
367,Tomas Torres,602-555-9846,tomas.torres27@example.org,Mother
368,Paloma Tsosie,602-555-0989,paloma.tsosie686@example.org,Father
369,Sebastian Ramirez,602-555-1827,sebastian.ramirez363@example.org,Father
370,Aaliyah Romero,602-555-0738,aaliyah.romero169@example.org,Guardian
371,Samuel Patel,602-555-3979,samuel.patel999@example.org,Father
372,Wren Dominguez,602-555-8013,wren.dominguez912@example.org,Father
373,Sebastian Jackson,602-555-6790,sebastian.jackson317@example.org,Guardian
374,Zoe Martinez,602-555-0937,zoe.martinez538@example.org,Guardian
375,Nia Silva,602-555-8776,nia.silva913@example.org,Mother
376,Kenji Espinoza,602-555-1665,kenji.espinoza565@example.org,Mother
377,Quentin Robinson,602-555-3062,quentin.robinson699@example.org,Father
378,Daniel Foster,602-555-9203,daniel.foster414@example.org,Father
379,Olivia Romero,602-555-9144,olivia.romero107@example.org,Father
380,Talia Garcia,602-555-8159,talia.garcia607@example.org,Father
381,Marisol Velasquez,602-555-0345,marisol.velasquez728@example.org,Grandparent
382,Dolores Velasquez,602-555-9971,dolores.velasquez148@example.org,Guardian
383,Sebastian Washington,602-555-4911,sebastian.washington781@example.org,Father
384,Gavin Santos,602-555-7821,gavin.santos518@example.org,Guardian
385,Valeria Santos,602-555-6321,valeria.santos379@example.org,Mother
386,Daniel Gutierrez,602-555-7545,daniel.gutierrez159@example.org,Guardian
387,Dolores Santos,602-555-2303,dolores.santos935@example.org,Guardian
388,Paloma Santos,602-555-2771,paloma.santos323@example.org,Grandparent
389,Hector Foster,602-555-6243,hector.foster500@example.org,Guardian
390,Yara Dominguez,602-555-8879,yara.dominguez505@example.org,Grandparent
391,Nadia Hernandez,602-555-8373,nadia.hernandez118@example.org,Mother
392,Carla Hernandez,602-555-1567,carla.hernandez344@example.org,Mother
393,Talia Ibarra,602-555-0250,talia.ibarra26@example.org,Father
394,Rosa Young,602-555-4708,rosa.young284@example.org,Father
395,Andre Acosta,602-555-4746,andre.acosta963@example.org,Mother
396,Yusuf Acosta,602-555-3160,yusuf.acosta452@example.org,Mother
397,Imani Patel,602-555-2562,imani.patel739@example.org,Mother
398,Olivia Young,602-555-5127,olivia.young104@example.org,Guardian
399,Hana Young,602-555-2241,hana.young816@example.org,Grandparent
400,Renata Dominguez,602-555-1857,renata.dominguez979@example.org,Father
401,Quentin Espinoza,602-555-3904,quentin.espinoza201@example.org,Mother
402,Noor Santos,602-555-9690,noor.santos74@example.org,Grandparent
403,Victor Patel,602-555-2928,victor.patel873@example.org,Father
404,Gabriela Gutierrez,602-555-8628,gabriela.gutierrez917@example.org,Mother
405,Valeria Begay,602-555-3797,valeria.begay136@example.org,Guardian
406,Alma Espinoza,602-555-7138,alma.espinoza668@example.org,Father
407,Elijah Garcia,602-555-2189,elijah.garcia428@example.org,Guardian
408,Adrian Ortiz,602-555-7496,adrian.ortiz242@example.org,Guardian
409,Imani Valdez,602-555-8771,imani.valdez39@example.org,Mother
410,Javier Valdez,602-555-5278,javier.valdez910@example.org,Mother
411,Kenji Romero,602-555-5758,kenji.romero140@example.org,Guardian
412,Nathan Romero,602-555-8943,nathan.romero115@example.org,Father
413,Carlos Ibarra,602-555-4664,carlos.ibarra133@example.org,Father
414,Talia Ibarra,602-555-2824,talia.ibarra681@example.org,Mother
415,Marcus Padilla,602-555-9930,marcus.padilla655@example.org,Father
416,Aaliyah Torres,602-555-3437,aaliyah.torres512@example.org,Grandparent
417,Yusuf Acosta,602-555-5780,yusuf.acosta681@example.org,Mother
418,Nia Jackson,602-555-8490,nia.jackson371@example.org,Father
419,Sebastian Castillo,602-555-8609,sebastian.castillo768@example.org,Grandparent
420,Kaya Castillo,602-555-0300,kaya.castillo473@example.org,Mother
421,Jonah Silva,602-555-5517,jonah.silva465@example.org,Guardian
422,Daniel Silva,602-555-2867,daniel.silva171@example.org,Mother
423,Hana Salazar,602-555-0297,hana.salazar901@example.org,Mother
424,Celeste Washington,602-555-2363,celeste.washington493@example.org,Father
425,Elijah Yazzie,602-555-8489,elijah.yazzie231@example.org,Guardian
426,Esperanza Silva,602-555-6764,esperanza.silva350@example.org,Father
427,Adrian Velasquez,602-555-1610,adrian.velasquez411@example.org,Father
428,Marisol Velasquez,602-555-3792,marisol.velasquez264@example.org,Mother
429,Wren Vargas,602-555-2277,wren.vargas838@example.org,Guardian
430,Lucia Sanchez,602-555-7173,lucia.sanchez80@example.org,Guardian
431,Zoe Young,602-555-0244,zoe.young118@example.org,Guardian
432,Beatriz Salazar,602-555-6708,beatriz.salazar831@example.org,Guardian
433,Kenji Salazar,602-555-1451,kenji.salazar422@example.org,Father
434,Celeste Washington,602-555-8126,celeste.washington117@example.org,Guardian
435,Imani Washington,602-555-8690,imani.washington968@example.org,Grandparent
436,Leon Cruz,602-555-0488,leon.cruz991@example.org,Mother
437,Ana Vasquez,602-555-6243,ana.vasquez97@example.org,Mother
438,Marcus Nguyen,602-555-7890,marcus.nguyen211@example.org,Guardian
439,Yusuf Ibarra,602-555-7285,yusuf.ibarra866@example.org,Guardian
440,Serena Flores,602-555-4235,serena.flores821@example.org,Grandparent
441,Valeria Medina,602-555-1327,valeria.medina742@example.org,Father
442,Nathan Vasquez,602-555-2118,nathan.vasquez559@example.org,Guardian
443,Nathan Vasquez,602-555-1379,nathan.vasquez315@example.org,Mother
444,Quentin Vasquez,602-555-4514,quentin.vasquez910@example.org,Mother
445,Wren Rivera,602-555-2178,wren.rivera218@example.org,Father
446,Samuel Valdez,602-555-3229,samuel.valdez239@example.org,Mother
447,Kenji Ramirez,602-555-6613,kenji.ramirez653@example.org,Father
448,Samuel Robinson,602-555-7148,samuel.robinson115@example.org,Grandparent
449,Esperanza Robinson,602-555-1090,esperanza.robinson370@example.org,Grandparent
450,Talia Jackson,602-555-3828,talia.jackson579@example.org,Grandparent
451,Beatriz Cruz,602-555-8965,beatriz.cruz261@example.org,Mother
452,Hector Kim,602-555-5386,hector.kim483@example.org,Mother
453,Lucia Jackson,602-555-4909,lucia.jackson35@example.org,Father
454,Renata Patel,602-555-8807,renata.patel793@example.org,Grandparent
455,Owen Vargas,602-555-7252,owen.vargas149@example.org,Father
456,Celeste Silva,602-555-2615,celeste.silva899@example.org,Father
457,Nia Yazzie,602-555-9944,nia.yazzie307@example.org,Father
458,Sebastian Castillo,602-555-0724,sebastian.castillo813@example.org,Father
459,Felix Santos,602-555-4880,felix.santos901@example.org,Guardian
460,Rafael Castillo,602-555-1896,rafael.castillo66@example.org,Grandparent
461,Tomas Mendoza,602-555-4119,tomas.mendoza841@example.org,Guardian
462,Tanya Tsosie,602-555-6331,tanya.tsosie443@example.org,Grandparent
463,Elijah Mendoza,602-555-3996,elijah.mendoza644@example.org,Guardian
464,Marisol Mendoza,602-555-3434,marisol.mendoza470@example.org,Father
465,Aaliyah Jimenez,602-555-4878,aaliyah.jimenez30@example.org,Grandparent
466,Serena Jimenez,602-555-1648,serena.jimenez208@example.org,Father
467,Javier Romero,602-555-2739,javier.romero928@example.org,Grandparent
468,Isaac Foster,602-555-1555,isaac.foster473@example.org,Mother
469,Felix Vasquez,602-555-2170,felix.vasquez602@example.org,Mother
470,Adrian Chen,602-555-5173,adrian.chen577@example.org,Mother
471,Diego Rivera,602-555-9140,diego.rivera413@example.org,Grandparent
472,Gabriela Williams,602-555-9649,gabriela.williams656@example.org,Grandparent
473,Yusuf Valdez,602-555-0470,yusuf.valdez162@example.org,Guardian
474,Serena Medina,602-555-6121,serena.medina924@example.org,Father
475,Adrian Young,602-555-9753,adrian.young930@example.org,Mother
476,Ana Chavez,602-555-3271,ana.chavez254@example.org,Father
477,Beatriz Ortiz,602-555-9271,beatriz.ortiz236@example.org,Grandparent
478,Andre Flores,602-555-0149,andre.flores655@example.org,Father
479,Javier Flores,602-555-6151,javier.flores849@example.org,Father
480,Olivia Chen,602-555-5227,olivia.chen556@example.org,Father
481,Daniel Acosta,602-555-5533,daniel.acosta281@example.org,Guardian
482,Felix Morales,602-555-3167,felix.morales429@example.org,Grandparent
483,Gavin Morales,602-555-1178,gavin.morales149@example.org,Mother
484,Rosa Flores,602-555-4136,rosa.flores852@example.org,Mother
485,Nia Delgado,602-555-5147,nia.delgado869@example.org,Grandparent
486,Uriel Salazar,602-555-5327,uriel.salazar562@example.org,Father
487,Miguel Salazar,602-555-6019,miguel.salazar790@example.org,Guardian
488,Yara Jackson,602-555-2072,yara.jackson788@example.org,Mother
489,Kenji Lopez,602-555-4214,kenji.lopez486@example.org,Guardian
490,Gavin Tsosie,602-555-8398,gavin.tsosie768@example.org,Mother
491,Nadia Hernandez,602-555-5353,nadia.hernandez809@example.org,Father
492,Talia Hernandez,602-555-0028,talia.hernandez660@example.org,Guardian
493,Marcus Chavez,602-555-9324,marcus.chavez150@example.org,Guardian
494,Adrian Begay,602-555-2111,adrian.begay148@example.org,Grandparent
495,Miguel Begay,602-555-2903,miguel.begay918@example.org,Grandparent
496,Rosa Ramirez,602-555-6085,rosa.ramirez163@example.org,Mother
497,Wren Lopez,602-555-1056,wren.lopez6@example.org,Mother
498,Victor Hernandez,602-555-8773,victor.hernandez211@example.org,Mother
499,Sebastian Ibarra,602-555-8598,sebastian.ibarra770@example.org,Mother
500,Valeria Washington,602-555-0771,valeria.washington907@example.org,Father
501,Felix Bennett,602-555-7142,felix.bennett425@example.org,Mother
502,Yara Torres,602-555-7738,yara.torres802@example.org,Guardian
503,Ana Jimenez,602-555-6224,ana.jimenez968@example.org,Mother
504,Lena Vargas,602-555-3356,lena.vargas954@example.org,Father
505,Ana Garcia,602-555-8372,ana.garcia808@example.org,Grandparent
506,Andre Torres,602-555-6343,andre.torres774@example.org,Mother
507,Tanya Acosta,602-555-9034,tanya.acosta275@example.org,Guardian
508,Alma Rivera,602-555-1084,alma.rivera637@example.org,Guardian
509,Nia Gutierrez,602-555-1248,nia.gutierrez350@example.org,Grandparent
510,Serena Valdez,602-555-6865,serena.valdez93@example.org,Guardian
511,Diego Singh,602-555-3868,diego.singh334@example.org,Guardian
512,Felix Romero,602-555-9380,felix.romero983@example.org,Mother
513,Diego Lopez,602-555-1009,diego.lopez849@example.org,Father
514,Alma Perez,602-555-1104,alma.perez497@example.org,Grandparent
515,Jonah Vargas,602-555-6829,jonah.vargas868@example.org,Grandparent
516,Beatriz Vargas,602-555-7612,beatriz.vargas27@example.org,Guardian
517,Nia Velasquez,602-555-7099,nia.velasquez621@example.org,Mother
518,Daniel Flores,602-555-3390,daniel.flores124@example.org,Father
519,Sebastian Begay,602-555-1642,sebastian.begay180@example.org,Grandparent
520,Isaac Silva,602-555-1750,isaac.silva726@example.org,Guardian
521,Valeria Washington,602-555-2884,valeria.washington495@example.org,Guardian
522,Nathan Washington,602-555-1172,nathan.washington81@example.org,Father
523,Talia Cruz,602-555-5613,talia.cruz906@example.org,Grandparent
524,Ana Dominguez,602-555-5429,ana.dominguez276@example.org,Father
525,Isaac Delgado,602-555-7696,isaac.delgado669@example.org,Grandparent
526,Zoe Williams,602-555-2688,zoe.williams68@example.org,Guardian
527,Andre Singh,602-555-2288,andre.singh391@example.org,Grandparent
528,Lena Cruz,602-555-1258,lena.cruz908@example.org,Mother
529,Adrian Flores,602-555-7333,adrian.flores901@example.org,Grandparent
530,Serena Espinoza,602-555-3057,serena.espinoza157@example.org,Father
531,Quentin Chen,602-555-1063,quentin.chen989@example.org,Guardian
532,Lena Perez,602-555-7994,lena.perez283@example.org,Father
533,Daniel Perez,602-555-9097,daniel.perez833@example.org,Guardian
534,Yara Gutierrez,602-555-7254,yara.gutierrez356@example.org,Father
535,Daniel Ortiz,602-555-6932,daniel.ortiz880@example.org,Father
536,Marcus Romero,602-555-2146,marcus.romero74@example.org,Father
537,Yusuf Cruz,602-555-3978,yusuf.cruz121@example.org,Mother
538,Esperanza Vasquez,602-555-0940,esperanza.vasquez482@example.org,Grandparent
539,Sebastian Gutierrez,602-555-5637,sebastian.gutierrez682@example.org,Grandparent
540,Lucia Gutierrez,602-555-1019,lucia.gutierrez762@example.org,Father
541,Imani Castillo,602-555-3438,imani.castillo829@example.org,Mother
542,Benjamin Silva,602-555-8419,benjamin.silva866@example.org,Grandparent
543,Javier Jimenez,602-555-6679,javier.jimenez17@example.org,Grandparent
544,Andre Jimenez,602-555-0315,andre.jimenez176@example.org,Guardian
545,Daniel Ramirez,602-555-2167,daniel.ramirez823@example.org,Grandparent
546,Victor Ramirez,602-555-9797,victor.ramirez938@example.org,Grandparent
547,Beatriz Medina,602-555-3357,beatriz.medina138@example.org,Guardian
548,Renata Medina,602-555-0636,renata.medina163@example.org,Guardian
549,Isaac Gutierrez,602-555-4305,isaac.gutierrez840@example.org,Guardian
550,Dolores Gutierrez,602-555-7940,dolores.gutierrez642@example.org,Grandparent
551,Owen Garcia,602-555-0942,owen.garcia724@example.org,Mother
552,Carla Ibarra,602-555-7115,carla.ibarra731@example.org,Father
553,Samuel Begay,602-555-1650,samuel.begay712@example.org,Father
554,Daniel Vargas,602-555-1519,daniel.vargas65@example.org,Grandparent
555,Wren Vargas,602-555-4252,wren.vargas670@example.org,Guardian
556,Nathan Martinez,602-555-8027,nathan.martinez108@example.org,Grandparent
557,Alma Tsosie,602-555-0416,alma.tsosie462@example.org,Guardian
558,Diego Robinson,602-555-0604,diego.robinson473@example.org,Mother
559,Benjamin Padilla,602-555-7642,benjamin.padilla639@example.org,Mother
560,Sebastian Castillo,602-555-3600,sebastian.castillo127@example.org,Guardian
561,Lena Castillo,602-555-5875,lena.castillo418@example.org,Mother
562,Carlos Velasquez,602-555-4916,carlos.velasquez229@example.org,Guardian
563,Paloma Velasquez,602-555-0305,paloma.velasquez711@example.org,Father
564,Gabriela Ramirez,602-555-0675,gabriela.ramirez648@example.org,Mother
565,Renata Ramirez,602-555-0530,renata.ramirez849@example.org,Mother
566,Samuel Medina,602-555-7607,samuel.medina915@example.org,Guardian
567,Wren Medina,602-555-0146,wren.medina160@example.org,Father
568,Talia Kim,602-555-7521,talia.kim573@example.org,Mother
569,Esperanza Delgado,602-555-5100,esperanza.delgado305@example.org,Mother
570,Serena Delgado,602-555-0183,serena.delgado982@example.org,Father
571,Xavier Vasquez,602-555-7284,xavier.vasquez479@example.org,Mother
572,Aaliyah Nguyen,602-555-4322,aaliyah.nguyen494@example.org,Guardian
573,Tomas Nguyen,602-555-9525,tomas.nguyen637@example.org,Mother
574,Hana Martinez,602-555-3035,hana.martinez201@example.org,Guardian
575,Alma Dominguez,602-555-6246,alma.dominguez970@example.org,Guardian
576,Imani Kim,602-555-4408,imani.kim533@example.org,Mother
577,Yara Kim,602-555-8454,yara.kim619@example.org,Father
578,Jonah Silva,602-555-2859,jonah.silva784@example.org,Guardian
579,Omar Silva,602-555-7372,omar.silva546@example.org,Grandparent
580,Kenji Singh,602-555-8694,kenji.singh830@example.org,Father
581,Rafael Singh,602-555-9345,rafael.singh112@example.org,Father
582,Daniel Bennett,602-555-6248,daniel.bennett896@example.org,Grandparent
583,Diego Singh,602-555-2176,diego.singh611@example.org,Grandparent
584,Wren Velasquez,602-555-8461,wren.velasquez84@example.org,Grandparent
585,Gabriela Ramirez,602-555-0033,gabriela.ramirez357@example.org,Mother
586,Tanya Castillo,602-555-8146,tanya.castillo580@example.org,Grandparent
587,Andre Castillo,602-555-7150,andre.castillo167@example.org,Mother
588,Benjamin Valdez,602-555-0688,benjamin.valdez577@example.org,Guardian
589,Benjamin Ortiz,602-555-8365,benjamin.ortiz159@example.org,Father
590,Elijah Foster,602-555-3183,elijah.foster697@example.org,Mother
591,Kenji Robinson,602-555-3268,kenji.robinson697@example.org,Guardian
592,Sebastian Medina,602-555-5210,sebastian.medina952@example.org,Grandparent
593,Sebastian Cruz,602-555-4486,sebastian.cruz820@example.org,Guardian
594,Paloma Mendoza,602-555-3209,paloma.mendoza198@example.org,Grandparent
595,Wren Garcia,602-555-0006,wren.garcia310@example.org,Father
596,Alma Williams,602-555-3197,alma.williams751@example.org,Mother
597,Jasmine Medina,602-555-8305,jasmine.medina973@example.org,Grandparent
598,Talia Acosta,602-555-6193,talia.acosta72@example.org,Guardian
599,Elijah Acosta,602-555-8308,elijah.acosta853@example.org,Guardian
600,Carla Jimenez,602-555-4650,carla.jimenez359@example.org,Guardian
601,Tanya Kim,602-555-1128,tanya.kim699@example.org,Guardian
602,Carlos Velasquez,602-555-2563,carlos.velasquez323@example.org,Guardian
603,Olivia Velasquez,602-555-2530,olivia.velasquez155@example.org,Guardian
604,Serena Williams,602-555-0321,serena.williams691@example.org,Guardian
605,Olivia Mendoza,602-555-2823,olivia.mendoza165@example.org,Guardian
606,Omar Martinez,602-555-4401,omar.martinez438@example.org,Mother
607,Alma Torres,602-555-2111,alma.torres138@example.org,Guardian
608,Wren Bennett,602-555-3773,wren.bennett718@example.org,Grandparent
609,Carla Perez,602-555-0030,carla.perez469@example.org,Guardian
610,Renata Perez,602-555-8570,renata.perez1@example.org,Father
611,Celeste Romero,602-555-9391,celeste.romero299@example.org,Father
612,Xavier Dominguez,602-555-3892,xavier.dominguez130@example.org,Mother
613,Alma Chavez,602-555-1130,alma.chavez540@example.org,Grandparent
614,Mateo Chavez,602-555-9233,mateo.chavez461@example.org,Father
615,Paloma Williams,602-555-2957,paloma.williams632@example.org,Guardian
616,Jasmine Lopez,602-555-8144,jasmine.lopez915@example.org,Mother
617,Isaac Vasquez,602-555-4307,isaac.vasquez178@example.org,Mother
618,Lena Garcia,602-555-0534,lena.garcia980@example.org,Mother
619,Carla Bennett,602-555-8005,carla.bennett316@example.org,Guardian
620,Nadia Romero,602-555-0875,nadia.romero74@example.org,Guardian
621,Gavin Ortiz,602-555-3694,gavin.ortiz483@example.org,Mother
622,Celeste Garcia,602-555-2121,celeste.garcia980@example.org,Father
623,Yusuf Dominguez,602-555-5380,yusuf.dominguez226@example.org,Father
624,Serena Morales,602-555-4788,serena.morales389@example.org,Mother
625,Rafael Delgado,602-555-2102,rafael.delgado27@example.org,Guardian
626,Kenji Jimenez,602-555-2212,kenji.jimenez742@example.org,Grandparent
627,Sebastian Velasquez,602-555-0937,sebastian.velasquez773@example.org,Father
628,Andre Vargas,602-555-0471,andre.vargas118@example.org,Grandparent
629,Gabriela Ramirez,602-555-2514,gabriela.ramirez5@example.org,Guardian
630,Lena Tsosie,602-555-3949,lena.tsosie911@example.org,Father
631,Lena Romero,602-555-3071,lena.romero743@example.org,Grandparent
632,Carla Hernandez,602-555-9411,carla.hernandez355@example.org,Grandparent
633,Valeria Hernandez,602-555-6977,valeria.hernandez411@example.org,Mother
634,Kaya Begay,602-555-1155,kaya.begay793@example.org,Grandparent
635,Gabriela Garcia,602-555-9144,gabriela.garcia247@example.org,Father
636,Hector Patel,602-555-8319,hector.patel625@example.org,Guardian
637,Carlos Martinez,602-555-2907,carlos.martinez934@example.org,Father
638,Leon Santos,602-555-2388,leon.santos262@example.org,Father
639,Noor Ortiz,602-555-3531,noor.ortiz948@example.org,Mother
640,Rosa Dominguez,602-555-7941,rosa.dominguez636@example.org,Grandparent
641,Felix Dominguez,602-555-4514,felix.dominguez865@example.org,Grandparent
642,Rafael Sanchez,602-555-3028,rafael.sanchez93@example.org,Grandparent
643,Jonah Sanchez,602-555-6998,jonah.sanchez196@example.org,Guardian
644,Andre Ramirez,602-555-9923,andre.ramirez188@example.org,Mother
645,Alma Reyes,602-555-9364,alma.reyes382@example.org,Mother
646,Marcus Tsosie,602-555-2969,marcus.tsosie500@example.org,Father
647,Serena Tsosie,602-555-3545,serena.tsosie882@example.org,Father
648,Nathan Foster,602-555-9338,nathan.foster68@example.org,Guardian
649,Nia Begay,602-555-9473,nia.begay503@example.org,Father
650,Carlos Lopez,602-555-4063,carlos.lopez358@example.org,Mother
651,Noor Delgado,602-555-6188,noor.delgado140@example.org,Mother
652,Rafael Salazar,602-555-3516,rafael.salazar810@example.org,Mother
653,Mateo Romero,602-555-2000,mateo.romero263@example.org,Father
654,Beatriz Romero,602-555-8453,beatriz.romero451@example.org,Father
655,Zoe Washington,602-555-8718,zoe.washington370@example.org,Guardian
656,Tanya Foster,602-555-9702,tanya.foster109@example.org,Mother
657,Benjamin Nguyen,602-555-3961,benjamin.nguyen433@example.org,Grandparent
658,Mateo Ortiz,602-555-0642,mateo.ortiz141@example.org,Grandparent
659,Noor Castillo,602-555-6507,noor.castillo652@example.org,Grandparent
660,Yara Singh,602-555-0182,yara.singh35@example.org,Guardian
661,Esperanza Dominguez,602-555-2245,esperanza.dominguez705@example.org,Mother
662,Imani Dominguez,602-555-0077,imani.dominguez330@example.org,Mother
663,Kaya Chavez,602-555-2119,kaya.chavez604@example.org,Grandparent
664,Victor Chavez,602-555-1236,victor.chavez643@example.org,Grandparent
665,Isaac Ibarra,602-555-3512,isaac.ibarra603@example.org,Mother
666,Quentin Vargas,602-555-1658,quentin.vargas897@example.org,Mother
667,Sebastian Reyes,602-555-1843,sebastian.reyes658@example.org,Mother
668,Ana Begay,602-555-6160,ana.begay979@example.org,Grandparent
669,Uriel Tsosie,602-555-3360,uriel.tsosie776@example.org,Father
670,Mateo Tsosie,602-555-3371,mateo.tsosie901@example.org,Grandparent
671,Diego Acosta,602-555-1103,diego.acosta53@example.org,Guardian
672,Zoe Delgado,602-555-1145,zoe.delgado188@example.org,Father
673,Benjamin Mendoza,602-555-5161,benjamin.mendoza43@example.org,Father
674,Lucia Ortiz,602-555-2639,lucia.ortiz793@example.org,Mother
675,Celeste Ortiz,602-555-1432,celeste.ortiz643@example.org,Father
676,Olivia Delgado,602-555-1601,olivia.delgado823@example.org,Guardian
677,Lucia Acosta,602-555-1630,lucia.acosta733@example.org,Grandparent
678,Leon Williams,602-555-6014,leon.williams845@example.org,Father
679,Nathan Williams,602-555-9379,nathan.williams127@example.org,Grandparent
680,Kaya Reyes,602-555-9952,kaya.reyes412@example.org,Grandparent
681,Nadia Reyes,602-555-0672,nadia.reyes909@example.org,Guardian
682,Kenji Nguyen,602-555-1796,kenji.nguyen5@example.org,Father
683,Gavin Romero,602-555-3123,gavin.romero397@example.org,Guardian
684,Esperanza Foster,602-555-4226,esperanza.foster87@example.org,Father
685,Dolores Chen,602-555-6234,dolores.chen382@example.org,Grandparent
686,Jasmine Williams,602-555-2234,jasmine.williams877@example.org,Grandparent
687,Owen Castillo,602-555-3305,owen.castillo268@example.org,Guardian
688,Nathan Velasquez,602-555-1066,nathan.velasquez357@example.org,Guardian
689,Felix Velasquez,602-555-3740,felix.velasquez298@example.org,Mother
690,Beatriz Mendoza,602-555-3957,beatriz.mendoza688@example.org,Grandparent
691,Serena Mendoza,602-555-1510,serena.mendoza672@example.org,Grandparent
692,Hector Young,602-555-4258,hector.young723@example.org,Mother
693,Wren Ramirez,602-555-4832,wren.ramirez581@example.org,Guardian
694,Marisol Salazar,602-555-3820,marisol.salazar462@example.org,Father
695,Ana Vasquez,602-555-9044,ana.vasquez286@example.org,Guardian
696,Marcus Padilla,602-555-6733,marcus.padilla939@example.org,Mother
697,Wren Tsosie,602-555-5299,wren.tsosie455@example.org,Father
698,Aaliyah Tsosie,602-555-4758,aaliyah.tsosie459@example.org,Mother
699,Carlos Velasquez,602-555-0408,carlos.velasquez390@example.org,Guardian
700,Valeria Velasquez,602-555-5494,valeria.velasquez759@example.org,Grandparent
701,Rafael Kim,602-555-4912,rafael.kim124@example.org,Father
702,Rosa Singh,602-555-8769,rosa.singh407@example.org,Father
703,Beatriz Reyes,602-555-0332,beatriz.reyes70@example.org,Guardian
704,Dolores Reyes,602-555-2927,dolores.reyes108@example.org,Grandparent
705,Beatriz Hernandez,602-555-7116,beatriz.hernandez7@example.org,Mother
706,Beatriz Hernandez,602-555-6845,beatriz.hernandez931@example.org,Grandparent
707,Kaya Ramirez,602-555-3455,kaya.ramirez499@example.org,Mother
708,Yusuf Mendoza,602-555-9325,yusuf.mendoza274@example.org,Father
709,Imani Yazzie,602-555-7472,imani.yazzie890@example.org,Guardian
710,Leon Rivera,602-555-8930,leon.rivera625@example.org,Father
711,Hana Washington,602-555-9629,hana.washington553@example.org,Father
712,Talia Washington,602-555-4986,talia.washington976@example.org,Father
713,Jonah Gutierrez,602-555-1769,jonah.gutierrez288@example.org,Mother
714,Zoe Acosta,602-555-7943,zoe.acosta93@example.org,Father
715,Wren Salazar,602-555-7565,wren.salazar297@example.org,Grandparent
716,Imani Perez,602-555-7997,imani.perez612@example.org,Mother
717,Quentin Mendoza,602-555-5028,quentin.mendoza170@example.org,Mother
718,Serena Valdez,602-555-4604,serena.valdez278@example.org,Guardian
719,Isaac Valdez,602-555-6060,isaac.valdez150@example.org,Guardian
720,Adrian Lopez,602-555-0961,adrian.lopez330@example.org,Mother
721,Andre Velasquez,602-555-1114,andre.velasquez413@example.org,Grandparent
722,Tanya Delgado,602-555-9094,tanya.delgado796@example.org,Guardian
723,Zoe Vargas,602-555-6670,zoe.vargas120@example.org,Guardian
724,Aaliyah Vargas,602-555-2158,aaliyah.vargas967@example.org,Father
725,Victor Foster,602-555-2359,victor.foster427@example.org,Mother
726,Nadia Gomez,602-555-8724,nadia.gomez11@example.org,Guardian
727,Hector Rivera,602-555-9718,hector.rivera299@example.org,Mother
728,Owen Singh,602-555-1873,owen.singh972@example.org,Mother
729,Victor Begay,602-555-9009,victor.begay685@example.org,Grandparent
730,Valeria Morales,602-555-3123,valeria.morales510@example.org,Guardian
731,Imani Yazzie,602-555-2874,imani.yazzie911@example.org,Mother
732,Hana Valdez,602-555-9829,hana.valdez745@example.org,Guardian
733,Mateo Washington,602-555-1198,mateo.washington970@example.org,Father
734,Quentin Begay,602-555-3509,quentin.begay612@example.org,Mother
735,Yusuf Foster,602-555-1896,yusuf.foster867@example.org,Mother
736,Gavin Foster,602-555-3917,gavin.foster911@example.org,Grandparent
737,Olivia Chen,602-555-9362,olivia.chen122@example.org,Guardian
738,Elijah Singh,602-555-2271,elijah.singh132@example.org,Guardian
739,Daniel Torres,602-555-2751,daniel.torres376@example.org,Mother
740,Zoe Jackson,602-555-7126,zoe.jackson667@example.org,Guardian
741,Dolores Chavez,602-555-1265,dolores.chavez651@example.org,Father
742,Benjamin Jackson,602-555-8979,benjamin.jackson253@example.org,Grandparent
743,Carla Garcia,602-555-8648,carla.garcia954@example.org,Grandparent
744,Carlos Vasquez,602-555-6356,carlos.vasquez215@example.org,Father
745,Miguel Medina,602-555-6299,miguel.medina235@example.org,Father
746,Andre Castillo,602-555-0450,andre.castillo196@example.org,Mother
747,Quentin Acosta,602-555-7322,quentin.acosta705@example.org,Grandparent
748,Quentin Morales,602-555-2020,quentin.morales999@example.org,Mother
749,Zoe Morales,602-555-6194,zoe.morales164@example.org,Guardian
750,Lucia Reyes,602-555-4260,lucia.reyes552@example.org,Father
751,Elijah Flores,602-555-7336,elijah.flores681@example.org,Guardian
752,Noor Jimenez,602-555-7975,noor.jimenez947@example.org,Father
753,Felix Medina,602-555-7691,felix.medina777@example.org,Guardian
754,Javier Begay,602-555-1825,javier.begay813@example.org,Guardian
755,Lena Salazar,602-555-2477,lena.salazar119@example.org,Mother
756,Lena Jackson,602-555-7328,lena.jackson349@example.org,Father
757,Leon Cruz,602-555-0094,leon.cruz778@example.org,Guardian
758,Gabriela Cruz,602-555-3759,gabriela.cruz344@example.org,Grandparent
759,Tanya Yazzie,602-555-2204,tanya.yazzie217@example.org,Grandparent
760,Samuel Morales,602-555-3287,samuel.morales904@example.org,Grandparent
761,Noor Santos,602-555-0662,noor.santos950@example.org,Mother
762,Valeria Santos,602-555-6563,valeria.santos491@example.org,Mother
763,Jonah Ortiz,602-555-2481,jonah.ortiz664@example.org,Grandparent
764,Carlos Washington,602-555-9249,carlos.washington884@example.org,Guardian
765,Alma Vasquez,602-555-7545,alma.vasquez729@example.org,Grandparent
766,Hector Yazzie,602-555-4399,hector.yazzie430@example.org,Mother
767,Samuel Silva,602-555-0432,samuel.silva365@example.org,Father
768,Quentin Sanchez,602-555-2749,quentin.sanchez578@example.org,Father
769,Gavin Dominguez,602-555-9441,gavin.dominguez63@example.org,Grandparent
770,Quentin Dominguez,602-555-8498,quentin.dominguez726@example.org,Guardian
771,Rafael Patel,602-555-9492,rafael.patel857@example.org,Guardian
772,Nia Patel,602-555-2776,nia.patel864@example.org,Guardian
773,Beatriz Chen,602-555-7259,beatriz.chen857@example.org,Guardian
774,Quentin Morales,602-555-1545,quentin.morales790@example.org,Guardian
775,Imani Patel,602-555-5733,imani.patel806@example.org,Mother
776,Serena Patel,602-555-3980,serena.patel663@example.org,Guardian
777,Lena Dominguez,602-555-5274,lena.dominguez583@example.org,Father
778,Zoe Patel,602-555-1225,zoe.patel53@example.org,Father
779,Xavier Medina,602-555-8037,xavier.medina703@example.org,Mother
780,Lucia Torres,602-555-3769,lucia.torres610@example.org,Guardian
781,Dolores Silva,602-555-3712,dolores.silva721@example.org,Mother
782,Samuel Gomez,602-555-5799,samuel.gomez714@example.org,Father
783,Wren Gomez,602-555-0574,wren.gomez955@example.org,Grandparent
784,Celeste Reyes,602-555-6704,celeste.reyes809@example.org,Guardian
785,Kaya Reyes,602-555-3387,kaya.reyes712@example.org,Mother
786,Lucia Silva,602-555-6492,lucia.silva420@example.org,Guardian
787,Carlos Silva,602-555-0072,carlos.silva687@example.org,Guardian
788,Nia Jackson,602-555-2252,nia.jackson139@example.org,Guardian
789,Alma Jackson,602-555-1857,alma.jackson461@example.org,Father
790,Marisol Hernandez,602-555-9632,marisol.hernandez43@example.org,Guardian
791,Olivia Dominguez,602-555-0481,olivia.dominguez209@example.org,Guardian
792,Rosa Jackson,602-555-8133,rosa.jackson925@example.org,Grandparent
793,Andre Jackson,602-555-3678,andre.jackson3@example.org,Guardian
794,Nathan Chavez,602-555-3138,nathan.chavez669@example.org,Father
795,Celeste Chavez,602-555-4297,celeste.chavez931@example.org,Father
796,Felix Gutierrez,602-555-4796,felix.gutierrez908@example.org,Mother
797,Celeste Gutierrez,602-555-4075,celeste.gutierrez715@example.org,Mother
798,Benjamin Washington,602-555-3115,benjamin.washington829@example.org,Guardian
799,Benjamin Jimenez,602-555-9394,benjamin.jimenez107@example.org,Grandparent
800,Nadia Jimenez,602-555-2054,nadia.jimenez650@example.org,Father
801,Andre Cruz,602-555-4082,andre.cruz984@example.org,Guardian
802,Quentin Cruz,602-555-4461,quentin.cruz360@example.org,Grandparent
803,Yara Santos,602-555-7824,yara.santos751@example.org,Grandparent
804,Yara Romero,602-555-7189,yara.romero256@example.org,Guardian
805,Alma Vargas,602-555-0904,alma.vargas198@example.org,Mother
806,Marisol Vargas,602-555-9889,marisol.vargas413@example.org,Mother
807,Alma Vargas,602-555-1557,alma.vargas298@example.org,Father
808,Zoe Vargas,602-555-3948,zoe.vargas251@example.org,Guardian
809,Noor Padilla,602-555-4237,noor.padilla440@example.org,Guardian
810,Victor Lopez,602-555-9857,victor.lopez183@example.org,Father
811,Felix Espinoza,602-555-9141,felix.espinoza812@example.org,Mother
812,Javier Reyes,602-555-9502,javier.reyes849@example.org,Mother
813,Olivia Perez,602-555-4369,olivia.perez826@example.org,Mother
814,Jonah Perez,602-555-8988,jonah.perez524@example.org,Father
815,Aaliyah Ibarra,602-555-7348,aaliyah.ibarra109@example.org,Mother
816,Elijah Tsosie,602-555-3169,elijah.tsosie798@example.org,Mother
817,Renata Rivera,602-555-5013,renata.rivera864@example.org,Father
818,Yara Rivera,602-555-8414,yara.rivera439@example.org,Father
819,Owen Ortiz,602-555-5410,owen.ortiz893@example.org,Grandparent
820,Ana Ortiz,602-555-5369,ana.ortiz503@example.org,Father
821,Andre Lopez,602-555-5551,andre.lopez333@example.org,Guardian
822,Gavin Lopez,602-555-6030,gavin.lopez120@example.org,Grandparent
823,Mateo Williams,602-555-5391,mateo.williams21@example.org,Grandparent
824,Celeste Dominguez,602-555-7940,celeste.dominguez746@example.org,Guardian
825,Tomas Dominguez,602-555-0288,tomas.dominguez756@example.org,Mother
826,Imani Cruz,602-555-6673,imani.cruz906@example.org,Grandparent
827,Nathan Ortiz,602-555-6962,nathan.ortiz725@example.org,Guardian
828,Victor Yazzie,602-555-1939,victor.yazzie36@example.org,Guardian
829,Valeria Garcia,602-555-1021,valeria.garcia103@example.org,Guardian
830,Quentin Singh,602-555-8392,quentin.singh776@example.org,Grandparent
831,Yusuf Castillo,602-555-7662,yusuf.castillo501@example.org,Father
832,Leon Santos,602-555-7458,leon.santos395@example.org,Father
833,Omar Ibarra,602-555-0266,omar.ibarra423@example.org,Guardian
834,Tanya Ibarra,602-555-0302,tanya.ibarra314@example.org,Grandparent
835,Mateo Kim,602-555-4621,mateo.kim507@example.org,Mother
836,Noor Singh,602-555-8412,noor.singh988@example.org,Father
837,Talia Santos,602-555-7239,talia.santos481@example.org,Mother
838,Leon Williams,602-555-4558,leon.williams605@example.org,Father
839,Noor Williams,602-555-5084,noor.williams663@example.org,Mother
840,Noor Acosta,602-555-7977,noor.acosta128@example.org,Grandparent
841,Imani Acosta,602-555-4873,imani.acosta615@example.org,Father
842,Dolores Hernandez,602-555-3516,dolores.hernandez870@example.org,Father
843,Leon Hernandez,602-555-6490,leon.hernandez941@example.org,Father
844,Olivia Rivera,602-555-5360,olivia.rivera367@example.org,Father
845,Kaya Foster,602-555-0938,kaya.foster358@example.org,Mother
846,Yara Ortiz,602-555-7510,yara.ortiz7@example.org,Mother
847,Owen Ortiz,602-555-5690,owen.ortiz906@example.org,Guardian
848,Talia Foster,602-555-3523,talia.foster952@example.org,Father
849,Tomas Ibarra,602-555-3093,tomas.ibarra428@example.org,Grandparent
850,Lena Tsosie,602-555-3209,lena.tsosie293@example.org,Mother
851,Hector Torres,602-555-8669,hector.torres621@example.org,Father
852,Marcus Torres,602-555-3149,marcus.torres303@example.org,Grandparent
853,Samuel Morales,602-555-5823,samuel.morales762@example.org,Grandparent
854,Diego Rivera,602-555-2092,diego.rivera310@example.org,Mother
855,Adrian Gutierrez,602-555-7878,adrian.gutierrez135@example.org,Father
856,Aaliyah Sanchez,602-555-1347,aaliyah.sanchez592@example.org,Father
857,Andre Espinoza,602-555-1812,andre.espinoza22@example.org,Guardian
858,Andre Romero,602-555-9673,andre.romero774@example.org,Mother
859,Imani Romero,602-555-0275,imani.romero659@example.org,Grandparent
860,Samuel Ibarra,602-555-0039,samuel.ibarra105@example.org,Mother
861,Hana Perez,602-555-5725,hana.perez108@example.org,Father
862,Ana Rivera,602-555-1230,ana.rivera211@example.org,Grandparent
863,Tomas Washington,602-555-6341,tomas.washington369@example.org,Mother
864,Nathan Washington,602-555-9275,nathan.washington837@example.org,Guardian
865,Dolores Ramirez,602-555-0353,dolores.ramirez937@example.org,Guardian
866,Lena Gutierrez,602-555-4591,lena.gutierrez769@example.org,Father
867,Andre Chavez,602-555-5969,andre.chavez327@example.org,Mother
868,Tomas Patel,602-555-1515,tomas.patel18@example.org,Grandparent
869,Zoe Acosta,602-555-4596,zoe.acosta178@example.org,Grandparent
870,Talia Gomez,602-555-7892,talia.gomez386@example.org,Father
871,Diego Singh,602-555-2402,diego.singh384@example.org,Mother
872,Esperanza Castillo,602-555-1474,esperanza.castillo815@example.org,Father
873,Serena Castillo,602-555-4020,serena.castillo889@example.org,Grandparent
874,Leon Cruz,602-555-1208,leon.cruz992@example.org,Grandparent
875,Yusuf Cruz,602-555-8499,yusuf.cruz788@example.org,Grandparent
876,Lucia Mendoza,602-555-0320,lucia.mendoza436@example.org,Mother
877,Marisol Rivera,602-555-2471,marisol.rivera955@example.org,Guardian
878,Esperanza Silva,602-555-0456,esperanza.silva969@example.org,Mother
879,Andre Salazar,602-555-6830,andre.salazar199@example.org,Mother
880,Gabriela Salazar,602-555-0426,gabriela.salazar87@example.org,Mother
881,Lucia Gutierrez,602-555-2763,lucia.gutierrez868@example.org,Father
882,Xavier Gutierrez,602-555-3352,xavier.gutierrez672@example.org,Father
883,Nathan Reyes,602-555-8073,nathan.reyes200@example.org,Mother
884,Jasmine Reyes,602-555-9211,jasmine.reyes651@example.org,Grandparent
885,Jonah Medina,602-555-2772,jonah.medina524@example.org,Grandparent
886,Isaac Medina,602-555-0253,isaac.medina805@example.org,Grandparent
887,Marisol Foster,602-555-5929,marisol.foster552@example.org,Father
888,Nia Foster,602-555-0548,nia.foster60@example.org,Grandparent
889,Yusuf Rivera,602-555-3513,yusuf.rivera55@example.org,Grandparent
890,Lucia Silva,602-555-9019,lucia.silva527@example.org,Grandparent
891,Xavier Vargas,602-555-7112,xavier.vargas669@example.org,Mother
892,Celeste Perez,602-555-2986,celeste.perez267@example.org,Guardian
893,Samuel Ortiz,602-555-3013,samuel.ortiz68@example.org,Father
894,Alma Robinson,602-555-1599,alma.robinson367@example.org,Grandparent
895,Victor Young,602-555-3987,victor.young3@example.org,Mother
896,Wren Young,602-555-8124,wren.young952@example.org,Father
897,Celeste Robinson,602-555-2705,celeste.robinson869@example.org,Guardian
898,Hana Robinson,602-555-0278,hana.robinson454@example.org,Mother
899,Olivia Ramirez,602-555-9317,olivia.ramirez147@example.org,Grandparent
900,Daniel Delgado,602-555-8477,daniel.delgado280@example.org,Mother
901,Alma Kim,602-555-4528,alma.kim974@example.org,Grandparent
902,Serena Young,602-555-7630,serena.young688@example.org,Guardian
903,Samuel Young,602-555-8370,samuel.young478@example.org,Guardian
904,Jonah Velasquez,602-555-9889,jonah.velasquez95@example.org,Mother
905,Hector Gutierrez,602-555-5962,hector.gutierrez221@example.org,Mother
906,Rafael Robinson,602-555-3908,rafael.robinson969@example.org,Mother
907,Carlos Chavez,602-555-4544,carlos.chavez711@example.org,Guardian
908,Leon Acosta,602-555-7846,leon.acosta718@example.org,Grandparent
909,Kaya Silva,602-555-5172,kaya.silva75@example.org,Mother
910,Victor Silva,602-555-1234,victor.silva835@example.org,Grandparent
911,Carla Torres,602-555-1618,carla.torres320@example.org,Mother
912,Hana Torres,602-555-7162,hana.torres331@example.org,Grandparent
913,Serena Hernandez,602-555-6113,serena.hernandez475@example.org,Mother
914,Sebastian Martinez,602-555-1873,sebastian.martinez934@example.org,Grandparent
915,Alma Ibarra,602-555-2269,alma.ibarra523@example.org,Guardian
916,Nadia Ramirez,602-555-0740,nadia.ramirez755@example.org,Mother
917,Kenji Chen,602-555-4955,kenji.chen910@example.org,Guardian
918,Benjamin Martinez,602-555-5807,benjamin.martinez73@example.org,Mother
919,Serena Reyes,602-555-2082,serena.reyes906@example.org,Guardian
920,Daniel Rivera,602-555-9146,daniel.rivera381@example.org,Grandparent
921,Andre Foster,602-555-7875,andre.foster347@example.org,Guardian
922,Miguel Begay,602-555-6953,miguel.begay375@example.org,Mother
923,Dolores Garcia,602-555-3005,dolores.garcia641@example.org,Grandparent
924,Adrian Garcia,602-555-7497,adrian.garcia393@example.org,Guardian
925,Benjamin Silva,602-555-5273,benjamin.silva749@example.org,Mother
926,Quentin Chen,602-555-1004,quentin.chen922@example.org,Mother
927,Aaliyah Singh,602-555-8013,aaliyah.singh128@example.org,Father
928,Sebastian Singh,602-555-9266,sebastian.singh731@example.org,Mother
929,Ana Washington,602-555-0965,ana.washington174@example.org,Guardian
930,Olivia Vargas,602-555-4543,olivia.vargas736@example.org,Mother
931,Dolores Mendoza,602-555-7596,dolores.mendoza745@example.org,Guardian
932,Renata Torres,602-555-7645,renata.torres24@example.org,Grandparent
933,Felix Flores,602-555-7606,felix.flores928@example.org,Father
934,Rosa Young,602-555-5346,rosa.young8@example.org,Mother
935,Nadia Young,602-555-3734,nadia.young848@example.org,Mother
936,Jasmine Washington,602-555-0956,jasmine.washington23@example.org,Father
937,Elijah Acosta,602-555-5686,elijah.acosta726@example.org,Father
938,Renata Robinson,602-555-8576,renata.robinson707@example.org,Guardian
939,Yusuf Medina,602-555-0756,yusuf.medina671@example.org,Mother
940,Rosa Delgado,602-555-5508,rosa.delgado876@example.org,Guardian
941,Nadia Mendoza,602-555-5758,nadia.mendoza936@example.org,Father
942,Quentin Ramirez,602-555-6585,quentin.ramirez696@example.org,Grandparent
943,Ana Salazar,602-555-7779,ana.salazar153@example.org,Mother
944,Serena Ramirez,602-555-7957,serena.ramirez166@example.org,Father
945,Quentin Medina,602-555-0245,quentin.medina710@example.org,Mother
946,Kaya Rivera,602-555-6834,kaya.rivera163@example.org,Guardian
947,Rosa Vasquez,602-555-5059,rosa.vasquez889@example.org,Guardian
948,Imani Yazzie,602-555-2733,imani.yazzie106@example.org,Grandparent
949,Owen Rivera,602-555-8023,owen.rivera27@example.org,Guardian
950,Marisol Salazar,602-555-0231,marisol.salazar415@example.org,Father
951,Gabriela Salazar,602-555-0769,gabriela.salazar57@example.org,Father
952,Zoe Hernandez,602-555-6141,zoe.hernandez60@example.org,Guardian
953,Leon Hernandez,602-555-1130,leon.hernandez73@example.org,Grandparent
954,Kaya Castillo,602-555-5577,kaya.castillo454@example.org,Grandparent
955,Lena Castillo,602-555-1613,lena.castillo82@example.org,Guardian
956,Tomas Vasquez,602-555-2903,tomas.vasquez795@example.org,Father
957,Victor Vasquez,602-555-3505,victor.vasquez824@example.org,Father
958,Jonah Flores,602-555-4437,jonah.flores967@example.org,Mother
959,Tomas Jimenez,602-555-6533,tomas.jimenez304@example.org,Mother
960,Marcus Morales,602-555-3902,marcus.morales27@example.org,Father
961,Gavin Begay,602-555-8669,gavin.begay665@example.org,Mother
962,Isaac Williams,602-555-7778,isaac.williams858@example.org,Father
963,Jasmine Martinez,602-555-1293,jasmine.martinez41@example.org,Mother
964,Serena Silva,602-555-2175,serena.silva612@example.org,Father
965,Lucia Singh,602-555-4882,lucia.singh836@example.org,Father
966,Leon Silva,602-555-6053,leon.silva856@example.org,Guardian
967,Lucia Reyes,602-555-6458,lucia.reyes16@example.org,Guardian
968,Daniel Martinez,602-555-9589,daniel.martinez981@example.org,Grandparent
969,Lucia Reyes,602-555-1858,lucia.reyes690@example.org,Father
970,Lena Garcia,602-555-9127,lena.garcia218@example.org,Grandparent
971,Miguel Patel,602-555-5813,miguel.patel15@example.org,Guardian
972,Marisol Patel,602-555-6364,marisol.patel792@example.org,Grandparent
973,Lucia Garcia,602-555-6691,lucia.garcia484@example.org,Guardian
974,Noor Salazar,602-555-1140,noor.salazar526@example.org,Guardian
975,Omar Washington,602-555-9537,omar.washington130@example.org,Guardian
976,Talia Morales,602-555-2480,talia.morales958@example.org,Grandparent
977,Victor Williams,602-555-3872,victor.williams443@example.org,Guardian
978,Omar Begay,602-555-3480,omar.begay340@example.org,Grandparent
979,Elijah Jimenez,602-555-2834,elijah.jimenez519@example.org,Grandparent
980,Imani Kim,602-555-5176,imani.kim694@example.org,Guardian
981,Rosa Kim,602-555-3382,rosa.kim419@example.org,Grandparent
982,Tomas Jimenez,602-555-8753,tomas.jimenez819@example.org,Guardian
983,Imani Young,602-555-2432,imani.young120@example.org,Grandparent
984,Noor Jackson,602-555-7203,noor.jackson775@example.org,Mother
985,Esperanza Jackson,602-555-0243,esperanza.jackson540@example.org,Father
986,Talia Begay,602-555-5733,talia.begay339@example.org,Father
987,Carla Begay,602-555-9336,carla.begay552@example.org,Mother
988,Lucia Padilla,602-555-1924,lucia.padilla200@example.org,Father
989,Ana Delgado,602-555-9841,ana.delgado69@example.org,Grandparent
990,Dolores Jimenez,602-555-0512,dolores.jimenez684@example.org,Guardian
991,Marisol Mendoza,602-555-6372,marisol.mendoza652@example.org,Grandparent
992,Isaac Foster,602-555-7276,isaac.foster22@example.org,Guardian
993,Gabriela Ortiz,602-555-1451,gabriela.ortiz346@example.org,Guardian
994,Tomas Chen,602-555-8540,tomas.chen784@example.org,Grandparent
995,Celeste Patel,602-555-4024,celeste.patel957@example.org,Mother
996,Hana Young,602-555-6515,hana.young135@example.org,Father
997,Marisol Kim,602-555-4286,marisol.kim397@example.org,Grandparent
998,Xavier Velasquez,602-555-8047,xavier.velasquez115@example.org,Mother
999,Benjamin Torres,602-555-6141,benjamin.torres93@example.org,Mother
1000,Marisol Dominguez,602-555-5010,marisol.dominguez726@example.org,Father
1001,Owen Singh,602-555-4888,owen.singh725@example.org,Grandparent
1002,Quentin Washington,602-555-9643,quentin.washington31@example.org,Grandparent
1003,Hector Delgado,602-555-3267,hector.delgado977@example.org,Guardian
1004,Hana Nguyen,602-555-7588,hana.nguyen555@example.org,Mother
1005,Jonah Robinson,602-555-9391,jonah.robinson539@example.org,Guardian
1006,Gabriela Robinson,602-555-3172,gabriela.robinson930@example.org,Father
1007,Valeria Castillo,602-555-7740,valeria.castillo215@example.org,Mother
1008,Nia Castillo,602-555-2746,nia.castillo710@example.org,Father
1009,Hector Vasquez,602-555-2521,hector.vasquez440@example.org,Grandparent
1010,Owen Romero,602-555-7873,owen.romero153@example.org,Father
1011,Wren Medina,602-555-2884,wren.medina7@example.org,Guardian
1012,Olivia Dominguez,602-555-0907,olivia.dominguez614@example.org,Father
1013,Mateo Gomez,602-555-0390,mateo.gomez260@example.org,Father
1014,Miguel Tsosie,602-555-4200,miguel.tsosie620@example.org,Father
1015,Omar Garcia,602-555-0901,omar.garcia856@example.org,Grandparent
1016,Quentin Vasquez,602-555-4566,quentin.vasquez587@example.org,Mother
1017,Owen Washington,602-555-5494,owen.washington71@example.org,Grandparent
1018,Carlos Begay,602-555-0446,carlos.begay546@example.org,Guardian
1019,Adrian Patel,602-555-7915,adrian.patel290@example.org,Grandparent
1020,Marcus Young,602-555-8741,marcus.young415@example.org,Grandparent
1021,Lucia Espinoza,602-555-6651,lucia.espinoza513@example.org,Father
1022,Adrian Torres,602-555-7314,adrian.torres470@example.org,Guardian
1023,Owen Torres,602-555-6010,owen.torres93@example.org,Guardian
1024,Victor Silva,602-555-1636,victor.silva66@example.org,Grandparent
1025,Adrian Ramirez,602-555-1666,adrian.ramirez274@example.org,Father
1026,Carla Nguyen,602-555-9862,carla.nguyen828@example.org,Grandparent
1027,Rafael Yazzie,602-555-1034,rafael.yazzie350@example.org,Grandparent
1028,Serena Tsosie,602-555-3203,serena.tsosie281@example.org,Father
1029,Marcus Tsosie,602-555-5038,marcus.tsosie205@example.org,Father
1030,Sebastian Romero,602-555-0125,sebastian.romero147@example.org,Grandparent
1031,Rosa Torres,602-555-6665,rosa.torres516@example.org,Guardian
1032,Esperanza Robinson,602-555-4241,esperanza.robinson344@example.org,Grandparent
1033,Nia Kim,602-555-3080,nia.kim404@example.org,Grandparent
1034,Gabriela Kim,602-555-9307,gabriela.kim837@example.org,Mother
1035,Valeria Nguyen,602-555-5051,valeria.nguyen336@example.org,Mother
1036,Kaya Foster,602-555-4991,kaya.foster337@example.org,Grandparent
1037,Lucia Bennett,602-555-7336,lucia.bennett243@example.org,Guardian
1038,Nathan Kim,602-555-0431,nathan.kim948@example.org,Guardian
1039,Omar Williams,602-555-7243,omar.williams468@example.org,Guardian
1040,Wren Salazar,602-555-7824,wren.salazar288@example.org,Grandparent
1041,Alma Salazar,602-555-8791,alma.salazar661@example.org,Father
1042,Andre Foster,602-555-4787,andre.foster325@example.org,Father
1043,Tomas Williams,602-555-8924,tomas.williams120@example.org,Grandparent
1044,Tomas Sanchez,602-555-6773,tomas.sanchez363@example.org,Grandparent
1045,Mateo Sanchez,602-555-6842,mateo.sanchez880@example.org,Guardian
1046,Esperanza Washington,602-555-6688,esperanza.washington794@example.org,Grandparent
1047,Elijah Bennett,602-555-0742,elijah.bennett334@example.org,Father
1048,Hana Castillo,602-555-4933,hana.castillo425@example.org,Mother
1049,Elijah Bennett,602-555-0143,elijah.bennett54@example.org,Grandparent
1050,Mateo Jackson,602-555-4888,mateo.jackson43@example.org,Guardian
1051,Hana Delgado,602-555-5263,hana.delgado426@example.org,Grandparent
1052,Kaya Nguyen,602-555-3823,kaya.nguyen33@example.org,Mother
1053,Valeria Foster,602-555-9749,valeria.foster878@example.org,Grandparent
1054,Noor Foster,602-555-6602,noor.foster155@example.org,Guardian
1055,Olivia Torres,602-555-4727,olivia.torres100@example.org,Grandparent
1056,Rafael Kim,602-555-5818,rafael.kim727@example.org,Grandparent
1057,Jonah Foster,602-555-7712,jonah.foster675@example.org,Guardian
1058,Gavin Foster,602-555-5602,gavin.foster570@example.org,Grandparent
1059,Gavin Begay,602-555-0858,gavin.begay517@example.org,Mother
1060,Isaac Begay,602-555-0874,isaac.begay759@example.org,Father
1061,Victor Cruz,602-555-8349,victor.cruz788@example.org,Father
1062,Carlos Cruz,602-555-3103,carlos.cruz447@example.org,Mother
1063,Rosa Yazzie,602-555-4888,rosa.yazzie461@example.org,Mother
1064,Hector Yazzie,602-555-3534,hector.yazzie341@example.org,Grandparent
1065,Gavin Acosta,602-555-1923,gavin.acosta605@example.org,Guardian
1066,Aaliyah Acosta,602-555-1161,aaliyah.acosta582@example.org,Father
1067,Benjamin Velasquez,602-555-2134,benjamin.velasquez256@example.org,Father
1068,Rosa Romero,602-555-1873,rosa.romero191@example.org,Father
1069,Gavin Martinez,602-555-4765,gavin.martinez966@example.org,Guardian
1070,Adrian Ramirez,602-555-0463,adrian.ramirez18@example.org,Grandparent
1071,Marcus Ramirez,602-555-3803,marcus.ramirez877@example.org,Guardian
1072,Aaliyah Begay,602-555-5579,aaliyah.begay844@example.org,Grandparent
1073,Tomas Vasquez,602-555-9391,tomas.vasquez182@example.org,Father
1074,Omar Foster,602-555-5477,omar.foster266@example.org,Guardian
1075,Adrian Washington,602-555-1492,adrian.washington171@example.org,Grandparent
1076,Beatriz Jimenez,602-555-7300,beatriz.jimenez537@example.org,Father
1077,Zoe Nguyen,602-555-4493,zoe.nguyen62@example.org,Guardian
1078,Valeria Acosta,602-555-7947,valeria.acosta15@example.org,Guardian
1079,Nadia Vasquez,602-555-1084,nadia.vasquez977@example.org,Father
1080,Marcus Vasquez,602-555-8230,marcus.vasquez438@example.org,Grandparent
1081,Kenji Cruz,602-555-2761,kenji.cruz914@example.org,Mother
1082,Esperanza Williams,602-555-0790,esperanza.williams288@example.org,Mother
1083,Celeste Dominguez,602-555-1771,celeste.dominguez607@example.org,Guardian
1084,Serena Castillo,602-555-6133,serena.castillo747@example.org,Mother
1085,Kaya Castillo,602-555-0128,kaya.castillo802@example.org,Mother
1086,Jonah Salazar,602-555-6366,jonah.salazar627@example.org,Father
1087,Olivia Valdez,602-555-0658,olivia.valdez492@example.org,Father
1088,Andre Torres,602-555-0139,andre.torres973@example.org,Guardian
1089,Quentin Torres,602-555-9820,quentin.torres78@example.org,Grandparent
1090,Wren Jimenez,602-555-7834,wren.jimenez837@example.org,Mother
1091,Elijah Gutierrez,602-555-7517,elijah.gutierrez665@example.org,Grandparent
1092,Lucia Gutierrez,602-555-5124,lucia.gutierrez429@example.org,Mother
1093,Marisol Chavez,602-555-8799,marisol.chavez350@example.org,Grandparent
1094,Carla Gomez,602-555-2831,carla.gomez465@example.org,Father
1095,Yara Gomez,602-555-1871,yara.gomez230@example.org,Grandparent
1096,Gavin Gutierrez,602-555-8138,gavin.gutierrez207@example.org,Father
1097,Celeste Gutierrez,602-555-9322,celeste.gutierrez984@example.org,Father
1098,Benjamin Padilla,602-555-5499,benjamin.padilla532@example.org,Father
1099,Elijah Hernandez,602-555-6911,elijah.hernandez363@example.org,Mother
1100,Samuel Gomez,602-555-4949,samuel.gomez572@example.org,Grandparent
1101,Jonah Gomez,602-555-8901,jonah.gomez512@example.org,Father
1102,Tomas Cruz,602-555-9788,tomas.cruz936@example.org,Guardian
1103,Noor Patel,602-555-7150,noor.patel796@example.org,Grandparent
1104,Celeste Robinson,602-555-7385,celeste.robinson195@example.org,Mother
1105,Jasmine Rivera,602-555-8770,jasmine.rivera628@example.org,Mother
1106,Paloma Morales,602-555-4950,paloma.morales330@example.org,Guardian
1107,Marcus Delgado,602-555-0341,marcus.delgado223@example.org,Guardian
1108,Lucia Delgado,602-555-3790,lucia.delgado200@example.org,Father
1109,Hana Lopez,602-555-4577,hana.lopez340@example.org,Mother
1110,Alma Lopez,602-555-1400,alma.lopez925@example.org,Mother
1111,Jonah Silva,602-555-9180,jonah.silva716@example.org,Mother
1112,Nathan Espinoza,602-555-7919,nathan.espinoza152@example.org,Guardian
1113,Andre Dominguez,602-555-6426,andre.dominguez789@example.org,Mother
1114,Kenji Espinoza,602-555-2101,kenji.espinoza197@example.org,Mother
1115,Adrian Robinson,602-555-6816,adrian.robinson772@example.org,Guardian
1116,Imani Chen,602-555-7622,imani.chen188@example.org,Guardian
1117,Yara Chen,602-555-1595,yara.chen710@example.org,Father
1118,Leon Cruz,602-555-0965,leon.cruz240@example.org,Father
1119,Victor Cruz,602-555-8316,victor.cruz647@example.org,Father
1120,Wren Gutierrez,602-555-5608,wren.gutierrez369@example.org,Father
1121,Marisol Ramirez,602-555-2012,marisol.ramirez510@example.org,Father
1122,Jasmine Chen,602-555-5566,jasmine.chen801@example.org,Father
1123,Marisol Padilla,602-555-3786,marisol.padilla955@example.org,Guardian
1124,Carla Padilla,602-555-1362,carla.padilla799@example.org,Grandparent
1125,Aaliyah Tsosie,602-555-2145,aaliyah.tsosie575@example.org,Grandparent
1126,Nadia Vargas,602-555-9756,nadia.vargas521@example.org,Grandparent
1127,Serena Vargas,602-555-7618,serena.vargas539@example.org,Mother
1128,Uriel Espinoza,602-555-7827,uriel.espinoza379@example.org,Grandparent
1129,Mateo Delgado,602-555-3626,mateo.delgado377@example.org,Mother
1130,Olivia Delgado,602-555-0318,olivia.delgado639@example.org,Mother
1131,Diego Hernandez,602-555-2965,diego.hernandez21@example.org,Mother
1132,Jonah Martinez,602-555-5727,jonah.martinez816@example.org,Guardian
1133,Valeria Velasquez,602-555-9279,valeria.velasquez680@example.org,Mother
1134,Felix Velasquez,602-555-3029,felix.velasquez284@example.org,Mother
1135,Renata Vargas,602-555-9955,renata.vargas197@example.org,Father
1136,Hana Vargas,602-555-8243,hana.vargas492@example.org,Grandparent
1137,Jonah Perez,602-555-7173,jonah.perez804@example.org,Mother
1138,Renata Padilla,602-555-2473,renata.padilla495@example.org,Grandparent
1139,Carla Rivera,602-555-6992,carla.rivera53@example.org,Mother
1140,Andre Flores,602-555-3356,andre.flores958@example.org,Father
1141,Tanya Jimenez,602-555-1488,tanya.jimenez573@example.org,Grandparent
1142,Diego Tsosie,602-555-6392,diego.tsosie677@example.org,Father
1143,Nadia Morales,602-555-7146,nadia.morales760@example.org,Guardian
1144,Adrian Vargas,602-555-2525,adrian.vargas727@example.org,Father
1145,Diego Washington,602-555-6419,diego.washington634@example.org,Father
1146,Noor Castillo,602-555-4439,noor.castillo377@example.org,Grandparent
1147,Uriel Dominguez,602-555-0069,uriel.dominguez499@example.org,Father
1148,Renata Robinson,602-555-7320,renata.robinson162@example.org,Guardian
1149,Alma Young,602-555-3559,alma.young634@example.org,Mother
1150,Wren Yazzie,602-555-9767,wren.yazzie28@example.org,Guardian
1151,Wren Bennett,602-555-9664,wren.bennett320@example.org,Guardian
1152,Wren Jackson,602-555-7052,wren.jackson585@example.org,Guardian
1153,Yusuf Nguyen,602-555-1597,yusuf.nguyen950@example.org,Grandparent
1154,Samuel Bennett,602-555-9925,samuel.bennett865@example.org,Guardian
1155,Kenji Bennett,602-555-1156,kenji.bennett836@example.org,Grandparent
1156,Omar Romero,602-555-1673,omar.romero463@example.org,Guardian
1157,Kenji Romero,602-555-0826,kenji.romero568@example.org,Grandparent
1158,Leon Torres,602-555-3640,leon.torres930@example.org,Mother
1159,Serena Yazzie,602-555-2887,serena.yazzie325@example.org,Grandparent
1160,Isaac Espinoza,602-555-7664,isaac.espinoza107@example.org,Father
1161,Jonah Robinson,602-555-5208,jonah.robinson811@example.org,Father
1162,Renata Robinson,602-555-7268,renata.robinson987@example.org,Father
1163,Beatriz Dominguez,602-555-0673,beatriz.dominguez403@example.org,Mother
1164,Sebastian Vasquez,602-555-8154,sebastian.vasquez730@example.org,Grandparent
1165,Serena Romero,602-555-3219,serena.romero444@example.org,Grandparent
1166,Alma Garcia,602-555-3797,alma.garcia447@example.org,Grandparent
1167,Lena Ortiz,602-555-6263,lena.ortiz53@example.org,Guardian
1168,Noor Begay,602-555-3366,noor.begay981@example.org,Grandparent
1169,Aaliyah Patel,602-555-2562,aaliyah.patel148@example.org,Father
1170,Jasmine Lopez,602-555-9952,jasmine.lopez688@example.org,Grandparent
1171,Elijah Salazar,602-555-0535,elijah.salazar558@example.org,Father
1172,Lucia Salazar,602-555-5173,lucia.salazar941@example.org,Guardian
1173,Ana Flores,602-555-6428,ana.flores817@example.org,Grandparent
1174,Victor Hernandez,602-555-5990,victor.hernandez868@example.org,Mother
1175,Nia Ibarra,602-555-9538,nia.ibarra470@example.org,Guardian
1176,Owen Chavez,602-555-6298,owen.chavez850@example.org,Mother
1177,Javier Chavez,602-555-0866,javier.chavez823@example.org,Mother
1178,Yusuf Silva,602-555-8613,yusuf.silva200@example.org,Guardian
1179,Kenji Williams,602-555-0341,kenji.williams460@example.org,Grandparent
1180,Gavin Williams,602-555-5307,gavin.williams264@example.org,Father
1181,Ana Ibarra,602-555-3039,ana.ibarra296@example.org,Father
1182,Olivia Garcia,602-555-5785,olivia.garcia84@example.org,Grandparent
1183,Valeria Yazzie,602-555-2395,valeria.yazzie560@example.org,Grandparent
1184,Valeria Vargas,602-555-6281,valeria.vargas174@example.org,Mother
1185,Nia Espinoza,602-555-8368,nia.espinoza304@example.org,Grandparent
1186,Nathan Foster,602-555-2155,nathan.foster985@example.org,Mother
1187,Felix Perez,602-555-3428,felix.perez374@example.org,Grandparent
1188,Omar Foster,602-555-7337,omar.foster278@example.org,Father
1189,Javier Foster,602-555-1975,javier.foster483@example.org,Guardian
1190,Diego Jackson,602-555-9347,diego.jackson133@example.org,Grandparent
1191,Daniel Jackson,602-555-1540,daniel.jackson280@example.org,Guardian
1192,Jonah Garcia,602-555-2846,jonah.garcia838@example.org,Mother
1193,Xavier Jackson,602-555-1244,xavier.jackson53@example.org,Grandparent
1194,Imani Martinez,602-555-5356,imani.martinez100@example.org,Grandparent
1195,Benjamin Jackson,602-555-6364,benjamin.jackson431@example.org,Mother
1196,Olivia Romero,602-555-3947,olivia.romero394@example.org,Mother
1197,Renata Chavez,602-555-3570,renata.chavez241@example.org,Mother
1198,Marisol Perez,602-555-0880,marisol.perez950@example.org,Mother
1199,Valeria Vasquez,602-555-4651,valeria.vasquez790@example.org,Grandparent
1200,Isaac Nguyen,602-555-2742,isaac.nguyen188@example.org,Guardian
1201,Alma Nguyen,602-555-3874,alma.nguyen75@example.org,Grandparent
