account_id,guardian_id,username,password_hash
1,1,talia.espinoza897,plain:5b54bdceca11
2,2,lena.young108,plain:6c63752edb15
3,3,elijah.chavez390,plain:004621ebcdd3
4,4,daniel.espinoza529,plain:5869d519e71e
5,5,beatriz.espinoza428,plain:ec45a8bdaeae
6,6,carla.vasquez823,plain:bccb0d942762
7,7,aaliyah.romero940,plain:5ffdc870cb78
8,8,zoe.chavez463,plain:3fe3a8783d41
9,9,sebastian.bennett132,plain:2eb46668a52e
10,10,victor.tsosie665,plain:4d563a653234
11,11,rosa.tsosie959,plain:884017a2f9d6
12,12,victor.young242,plain:93b7d117b099
13,13,omar.jackson944,plain:ab9c34137d78
14,14,rafael.robinson685,plain:a0a036e89e71
15,15,lena.robinson281,plain:8cdbe2b45109
16,16,miguel.santos613,plain:5e14fbec5db8
17,17,wren.santos693,plain:e4dd8a616878
18,18,lena.dominguez518,plain:f7e794787b52
19,19,wren.williams56,plain:fbd00f30c95f
20,20,olivia.silva157,plain:294d6df84f01
21,21,omar.martinez791,plain:3b6f483566d9
22,22,renata.martinez202,plain:b154b261e4f2
23,23,hector.espinoza98,plain:546e104c2546
24,24,samuel.espinoza544,plain:09151ca005cf
25,25,beatriz.ramirez882,plain:cf064395a4b7
26,26,renata.ramirez609,plain:928fc3ed57aa
27,27,lucia.reyes172,plain:31f434973ef2
28,28,beatriz.ibarra61,plain:73b60eda8976
29,29,hana.ibarra733,plain:3b9180dd3453
30,30,lucia.tsosie28,plain:7ec41f4d8aa1
31,31,nia.padilla880,plain:c068821061cb
32,32,celeste.gomez386,plain:1402361b01a8
33,33,dolores.gomez79,plain:b2b2eb3c12ab
34,34,paloma.tsosie810,plain:9d31d9cb2be6
35,35,xavier.hernandez812,plain:301fff500934
36,36,miguel.flores164,plain:563419302ce7
37,37,jasmine.singh545,plain:fc2815998713
38,38,talia.robinson50,plain:03b46303e05c
39,39,esperanza.velasquez632,plain:42467cd85413
40,40,samuel.garcia928,plain:0904fb30944f
41,41,isaac.salazar181,plain:cc77602c5e10
42,42,yusuf.garcia222,plain:7f085e5adfc4
43,43,celeste.vasquez901,plain:797411e42ce9
44,44,kenji.rivera132,plain:bab693815e4e
45,45,quentin.rivera80,plain:b3ea93b82670
46,46,imani.garcia958,plain:76d19bd7b388
47,47,victor.dominguez712,plain:bc34b74460ae
48,48,gavin.espinoza957,plain:e71541c7de45
49,49,rosa.espinoza568,plain:45eeaaecea8a
50,50,kenji.morales457,plain:ed6f5fb1bd24
51,51,olivia.flores397,plain:7919eccaa678
52,52,nathan.singh814,plain:2960df0b81f9
53,53,olivia.mendoza786,plain:cb30a4ff039a
54,54,sebastian.salazar120,plain:78b9df732c89
55,55,benjamin.salazar245,plain:012b0735b2af
56,56,nia.ortiz374,plain:fe5c5ae7c4d9
57,57,sebastian.ortiz268,plain:19d33a911634
58,58,kaya.sanchez691,plain:5073350a30da
59,59,gavin.sanchez412,plain:d1f01a540423
60,60,paloma.padilla394,plain:34cf08bc687f
61,61,marcus.valdez22,plain:7bf40d37d293
62,62,olivia.gutierrez537,plain:7a2507a7a4e8
63,63,owen.cruz993,plain:11834166ea33
64,64,tomas.cruz247,plain:24a9297d5872
65,65,lucia.velasquez510,plain:54412a4a3db1
66,66,kenji.velasquez89,plain:5c4d3f81dc3f
67,67,kenji.yazzie932,plain:ad45768d4db2
68,68,gabriela.yazzie646,plain:d2a959564f7c
69,69,andre.chen537,plain:73f86952df5f
70,70,benjamin.robinson33,plain:ce7ee03a70ca
71,71,javier.chavez433,plain:e08f75b19c35
72,72,mateo.mendoza373,plain:0b3bd8aafebf
73,73,omar.acosta407,plain:0e050a1e930d
74,74,uriel.chavez356,plain:65a8ad02b872
75,75,esperanza.kim24,plain:f4fea4436626
76,76,elijah.kim982,plain:5f7a440db6a1
77,77,gavin.singh414,plain:5135c22350cf
78,78,dolores.singh627,plain:6484d7b462ab
79,79,celeste.singh238,plain:940c78dc3f84
80,80,samuel.padilla427,plain:284d172da154
81,81,olivia.perez959,plain:c0c341affd27
82,82,carlos.lopez594,plain:95b07fdb2a89
83,83,yara.delgado822,plain:75999750b74c
84,84,ana.gomez799,plain:16e651af6f83
85,85,miguel.perez412,plain:4059f295302e
86,86,ana.williams131,plain:b4ac997bafda
87,87,paloma.ibarra675,plain:7f45a75c9c7d
88,88,rafael.velasquez262,plain:9fbbfae27d65
89,89,valeria.velasquez1,plain:26925313e463
90,90,elijah.valdez683,plain:18e552d710f1
91,91,hector.gomez957,plain:8848cf9ba97e
92,92,jasmine.rivera160,plain:88ababd4eb2d
93,93,valeria.espinoza492,plain:f8c81ecfa837
94,94,samuel.espinoza130,plain:36bd1946ef38
95,95,mateo.ramirez990,plain:98638435772c
96,96,renata.bennett699,plain:bbac2f142674
97,97,carlos.flores355,plain:9825f09bc74a
98,98,kenji.delgado624,plain:06fa81c98f37
99,99,isaac.acosta260,plain:e70c0ceffca6
100,100,marisol.patel523,plain:4729bc38528b
101,101,esperanza.kim256,plain:f6c6fc0f12c6
102,102,olivia.kim174,plain:c201286d86fc
103,103,marcus.reyes546,plain:2919c4501c45
104,104,sebastian.vargas641,plain:33fa8c8d11d5
105,105,diego.jimenez92,plain:0c033506499f
106,106,andre.jimenez964,plain:dcd53a64bd79
107,107,alma.delgado414,plain:a4649e05fcc7
108,108,daniel.yazzie142,plain:d9f1f8de6482
109,109,carlos.silva290,plain:e1e6b61ee1e7
110,110,sebastian.silva225,plain:06a98f5099af
111,111,carlos.vasquez365,plain:a18a66a9cc4f
112,112,miguel.vasquez957,plain:53e22fa2588f
113,113,omar.morales435,plain:97b1061721f5
114,114,alma.tsosie219,plain:6566d363a2e1
115,115,hector.ibarra238,plain:5979ad9c8f60
116,116,andre.morales135,plain:4ce86e3f486e
117,117,daniel.delgado265,plain:63b70913bc33
118,118,hector.delgado590,plain:7f8a5903a4c4
119,119,xavier.vasquez358,plain:b295b09e824a
120,120,hector.delgado97,plain:7c870f23fc3a
121,121,celeste.singh122,plain:550575c4af00
122,122,jonah.padilla383,plain:1dad0a2a9388
123,123,valeria.padilla306,plain:a9ba5d521482
124,124,kenji.foster247,plain:45d71ca3b607
125,125,rosa.foster421,plain:b7b285d7f98d
126,126,jonah.garcia275,plain:8dde20074ff8
127,127,marisol.ramirez35,plain:044a9b8a1a2e
128,128,diego.patel924,plain:1ec7a40a7a0b
129,129,sebastian.chavez977,plain:1d47b3b46237
130,130,marisol.romero441,plain:d0ad048528cb
131,131,quentin.yazzie406,plain:e21193c7936c
132,132,carla.tsosie188,plain:8a4dd161608d
133,133,rafael.lopez6,plain:b16e96a91db7
134,134,nathan.chen868,plain:254a7d830656
135,135,marisol.ramirez406,plain:43f350c293c5
136,136,jonah.castillo594,plain:ae7462ddba31
137,137,hector.rivera854,plain:d6b9e8b5c073
138,138,dolores.chavez816,plain:d9801af9ed59
139,139,felix.chavez167,plain:071c820ee285
140,140,noor.nguyen660,plain:5704605a358e
141,141,benjamin.patel825,plain:1308e2839217
142,142,isaac.young421,plain:d66422311be1
143,143,hana.patel67,plain:a2ecd80181f8
144,144,hana.rivera658,plain:825b7cc95299
145,145,quentin.yazzie244,plain:8ac3bb5eee22
146,146,elijah.martinez104,plain:e95903b4e5ed
147,147,talia.martinez391,plain:428bb6bece9b
148,148,diego.ortiz688,plain:d49f64c1ae60
149,149,adrian.ortiz429,plain:afeacfde6a05
150,150,samuel.perez280,plain:3e559b4b1100
151,151,felix.perez343,plain:0dd3bbe3ef20
152,152,isaac.sanchez242,plain:3b2d1808757e
153,153,nia.jimenez345,plain:4cd173c796d9
154,154,owen.sanchez544,plain:78e45aa33896
155,155,gavin.morales198,plain:80d606e2b1d1
156,156,daniel.ortiz423,plain:77061b89d2a1
157,157,lena.morales346,plain:699fa347d330
158,158,celeste.kim123,plain:c2b8580ff642
159,159,daniel.kim858,plain:d7d53ee665ca
160,160,uriel.martinez873,plain:de1a4d6d9a09
161,161,hana.bennett539,plain:1635002be66c
162,162,lucia.bennett103,plain:21280549f675
163,163,tomas.hernandez391,plain:8443196fb8a5
164,164,celeste.padilla433,plain:2c2a43398c83
165,165,gabriela.ramirez35,plain:b111ab4f755a
166,166,dolores.medina404,plain:527578ba8ccd
167,167,imani.garcia16,plain:a6c4e5672645
168,168,mateo.padilla680,plain:9b62b01485e8
169,169,alma.padilla137,plain:4954f6b94b1b
170,170,miguel.williams255,plain:ed58e13b83cb
171,171,omar.robinson470,plain:5b5bfd8c23a6
172,172,andre.young734,plain:6827d6960b67
173,173,valeria.morales254,plain:5aadc3fa79cd
174,174,quentin.young95,plain:d45853779084
175,175,daniel.kim489,plain:605f4ea4c480
176,176,benjamin.kim299,plain:a8b59227f1bd
177,177,lucia.singh613,plain:b63200c26002
178,178,gavin.hernandez832,plain:7406c39bc98b
179,179,omar.kim382,plain:5f892bbff15a
180,180,aaliyah.gutierrez307,plain:bf15a6426637
181,181,hector.sanchez963,plain:362dfdb9643a
182,182,tomas.delgado91,plain:6fc733eb8dcd
183,183,nadia.castillo878,plain:a77140e67852
184,184,beatriz.reyes27,plain:7a7a37a9ecdd
185,185,yusuf.salazar938,plain:7a195186cfa3
186,186,marcus.salazar209,plain:eae6021ebb41
187,187,sebastian.dominguez661,plain:00adfbf04903
188,188,sebastian.bennett831,plain:23d4fe8aa1e8
189,189,isaac.valdez776,plain:f227eb26048d
190,190,samuel.valdez101,plain:a06b703c943a
191,191,elijah.patel645,plain:c6b6ca159e35
192,192,gavin.romero829,plain:b1f6e664a084
193,193,ana.ramirez637,plain:a4817aeea5fc
194,194,marisol.washington439,plain:7c58aedd353e
195,195,aaliyah.jackson172,plain:e36fad5b8c32
196,196,benjamin.dominguez962,plain:aee71fdd124f
197,197,yusuf.gomez380,plain:95c166613d0e
198,198,samuel.vargas172,plain:9c3e29ce7b4f
199,199,valeria.ramirez687,plain:c0ec02a5a9d5
200,200,wren.romero148,plain:5400663c7c64
201,201,lena.martinez892,plain:bcc5bafb9c35
202,202,benjamin.martinez600,plain:f6435acfe0cd
203,203,zoe.garcia404,plain:ec2e1ee6f50a
204,204,daniel.garcia259,plain:fbe3091f164f
205,205,marcus.patel407,plain:def5632a7cce
206,206,beatriz.washington578,plain:99d432d11ace
207,207,paloma.delgado471,plain:0f61e235773d
208,208,marisol.delgado675,plain:258c4f47387a
209,209,mateo.rivera973,plain:438c846f6212
210,210,sebastian.rivera417,plain:7463a2b7295b
211,211,wren.ibarra68,plain:0e8413a5927f
212,212,lucia.lopez963,plain:9aacd155c4d6
213,213,gavin.gomez473,plain:dd591cb50858
214,214,felix.vargas939,plain:5b8683033819
215,215,marcus.hernandez810,plain:f12f9b40de79
216,216,kaya.foster948,plain:d78d5318f68d
217,217,rosa.foster989,plain:e7cf45686e74
218,218,sebastian.singh804,plain:107fc7307046
219,219,carlos.ramirez689,plain:30c23a5f69f3
220,220,felix.salazar32,plain:351dcc05e53d
221,221,renata.salazar470,plain:aef0d2c015ac
222,222,wren.kim357,plain:aab90a31457f
223,223,daniel.silva979,plain:148ffe06747f
224,224,gabriela.delgado850,plain:76edc03ef25c
225,225,elijah.delgado831,plain:ccc810a66cfa
226,226,owen.delgado109,plain:efd8d06cfbfa
227,227,adrian.robinson149,plain:5227f8a445fb
228,228,tomas.robinson643,plain:5c86b4253b62
229,229,yusuf.romero801,plain:92298ae46e95
230,230,tomas.martinez811,plain:c2a3d0cec3b7
231,231,jonah.velasquez643,plain:39ed30bc8720
232,232,daniel.velasquez425,plain:8646b09d65b9
233,233,esperanza.castillo651,plain:e276016fbd77
234,234,yusuf.castillo641,plain:b9e537d22087
235,235,nadia.torres402,plain:b5cf9fcfba1e
236,236,nia.begay953,plain:52cdd29f7c8d
237,237,tanya.robinson596,plain:8cbaa76a2266
238,238,samuel.martinez666,plain:c55140a6ac33
239,239,hana.martinez917,plain:21a685f8d4ac
240,240,hector.patel701,plain:dbe44017bf07
241,241,nia.medina301,plain:6b319a98add6
242,242,mateo.ortiz506,plain:ff38fefb08e2
243,243,hana.reyes239,plain:cdf2a101a4f9
244,244,benjamin.morales299,plain:05c838ccdd12
245,245,carla.mendoza456,plain:852963018961
246,246,imani.mendoza461,plain:076ca6ab3d5b
247,247,jonah.chen919,plain:5a8c330b67d9
248,248,felix.chen410,plain:456e226f7100
249,249,samuel.yazzie208,plain:f8d0dc7ad6c3
250,250,noor.jackson676,plain:74823e11cb1b
251,251,lucia.williams461,plain:ff6f2641529a
252,252,gabriela.williams685,plain:17978996c88c
253,253,isaac.castillo934,plain:bc934c011e43
254,254,paloma.williams196,plain:8383069ea1ed
255,255,hector.williams452,plain:56b2d9c0de7e
256,256,zoe.santos127,plain:23e903f41f45
257,257,jonah.santos92,plain:a907ab0f5a2f
258,258,esperanza.valdez896,plain:6260187b87ff
259,259,diego.valdez622,plain:926ddf266668
260,260,wren.young488,plain:06c0bcc760e1
261,261,rafael.young697,plain:953ef28ed503
262,262,hana.jackson732,plain:218d6f43af4f
263,263,hector.salazar151,plain:281bd50ce139
264,264,rafael.yazzie916,plain:6c3e3338660e
265,265,yusuf.cruz592,plain:ff71b561595b
266,266,tanya.perez71,plain:ba8f7f2153fb
267,267,dolores.salazar612,plain:5381ae2b0c2c
268,268,owen.singh277,plain:5d62ef3080a4
269,269,felix.jimenez586,plain:f561e277711d
270,270,nadia.singh566,plain:6f323339217e
271,271,gavin.castillo352,plain:5f52d4f111df
272,272,javier.chen668,plain:e61de5e76c93
273,273,ana.romero530,plain:3615b31acaab
274,274,celeste.medina567,plain:5e51a8daaa0e
275,275,andre.jackson386,plain:cfbe849de4e9
276,276,tomas.silva882,plain:41f7f27df519
277,277,dolores.silva309,plain:cd8fbba2c8bf
278,278,lucia.hernandez782,plain:f44634d635ef
279,279,carla.chavez348,plain:cdea3b315a1a
280,280,wren.perez925,plain:92262b59595b
281,281,isaac.dominguez929,plain:2d64a815444a
282,282,adrian.dominguez334,plain:c17e424f4c0f
283,283,talia.dominguez685,plain:de3668ae3f7b
284,284,tomas.chen63,plain:630215c36d31
285,285,serena.velasquez446,plain:1818ebc0ecb3
286,286,benjamin.mendoza64,plain:dd265249ad4d
287,287,carlos.vasquez615,plain:683aa4f2cddc
288,288,samuel.mendoza656,plain:c5b39bde06c1
289,289,xavier.lopez857,plain:181b2b5b6c60
290,290,imani.lopez630,plain:f63df3a624e3
291,291,yara.salazar433,plain:a94d99159e81
292,292,lucia.vargas29,plain:17746fc47e14
293,293,renata.romero962,plain:ccdce40b67c0
294,294,jasmine.chavez379,plain:b9d6e08721cd
295,295,mateo.reyes370,plain:96214ec1df78
296,296,diego.silva308,plain:40aa0d532db9
297,297,marcus.silva837,plain:465ab3f665ce
298,298,andre.washington705,plain:b0ec4e1b4b9b
299,299,rosa.washington856,plain:6537ada1324c
300,300,paloma.jimenez359,plain:7875be919bad
301,301,andre.lopez2,plain:fd729845cd57
302,302,jasmine.bennett692,plain:8e24128bf8e4
303,303,carlos.vasquez574,plain:156a3a8e7887
304,304,noor.vasquez237,plain:46362418cdf9
305,305,hector.martinez796,plain:3255a721e855
306,306,victor.martinez920,plain:f3d8abaf5532
307,307,omar.chavez456,plain:a8e1bd91c995
308,308,gabriela.cruz485,plain:946edce56ff1
309,309,tanya.mendoza971,plain:b85f34188778
310,310,jasmine.young239,plain:69caeb37d1f6
311,311,mateo.bennett825,plain:aaac2b4b90e4
312,312,marisol.martinez72,plain:a14288af69e9
313,313,mateo.torres649,plain:71a433cfe905
314,314,renata.salazar288,plain:01a1b247a190
315,315,olivia.morales157,plain:22983e239907
316,316,yara.jackson227,plain:9ad626d2d9ab
317,317,carla.foster750,plain:8d8ae0855391
318,318,serena.robinson76,plain:1e2187fb2a91
319,319,marisol.lopez659,plain:a512b2ce265c
320,320,isaac.young502,plain:ed7af8afd571
321,321,hector.yazzie322,plain:ae4221dcaa80
322,322,paloma.castillo773,plain:1436fb1f0328
323,323,alma.castillo812,plain:029922417584
324,324,xavier.espinoza362,plain:219026faca4d
325,325,imani.gutierrez652,plain:5827467313c1
326,326,yara.gutierrez712,plain:804f0b4bd18a
327,327,adrian.young373,plain:4c588e5e30ba
328,328,felix.young946,plain:e854cd9dabbb
329,329,celeste.martinez239,plain:a340bd04eab2
330,330,uriel.nguyen807,plain:659ad084c442
331,331,andre.singh160,plain:773b31a7ae7e
332,332,hector.vargas976,plain:0de7aa1a428e
333,333,carlos.vargas299,plain:112375572c57
334,334,talia.vargas883,plain:56acb6322888
335,335,noor.garcia583,plain:4b45bda8c543
336,336,isaac.lopez904,plain:4a0a6e829386
337,337,talia.cruz420,plain:f6b225845afd
338,338,yusuf.ibarra926,plain:18a5c5c7a160
339,339,carlos.flores391,plain:23b35d90e5ed
340,340,nadia.delgado675,plain:c4724451490d
341,341,elijah.rivera564,plain:a3893f44f4cc
342,342,sebastian.martinez423,plain:897d788c4049
343,343,omar.vasquez778,plain:eb3aee01fa40
344,344,hector.delgado259,plain:eed5eb0ff26b
345,345,alma.nguyen944,plain:615d9f5a89cf
346,346,rosa.nguyen966,plain:acc15283f8e2
347,347,wren.vargas273,plain:6d3cb2d5858a
348,348,lucia.dominguez996,plain:dda8cee08d66
349,349,jonah.santos806,plain:e174cee5fbd6
350,350,lucia.flores534,plain:f8002fde0b30
351,351,adrian.martinez892,plain:c66970162862
352,352,miguel.sanchez729,plain:3570425e1c1c
353,353,daniel.sanchez765,plain:eb903b808fc3
354,354,sebastian.ramirez846,plain:2362806bd1c1
355,355,gabriela.sanchez702,plain:c94e9ca14d43
356,356,tanya.gutierrez620,plain:2da73d449e95
357,357,esperanza.morales445,plain:75729d82609a
358,358,jasmine.jackson925,plain:c065bf8c25cb
359,359,elijah.mendoza260,plain:6d1f63c6a314
360,360,lucia.tsosie389,plain:3874445a4f4d
361,361,jasmine.flores421,plain:7281da809437
362,362,jonah.flores774,plain:bd184a525865
363,363,renata.ortiz318,plain:3037a56b4f6b
364,364,uriel.silva572,plain:d25a99b58f89
365,365,celeste.patel594,plain:0ae2bc2fe7bf
366,366,elijah.torres967,plain:e1cbf9937f91
367,367,tomas.torres27,plain:94b262960f39
368,368,paloma.tsosie686,plain:7b6518e04e16
369,369,sebastian.ramirez363,plain:fa85a277bbbe
370,370,aaliyah.romero169,plain:4e04836cca28
371,371,samuel.patel999,plain:264075867b21
372,372,wren.dominguez912,plain:86a2dc385924
373,373,sebastian.jackson317,plain:d49f8ba6f1bd
374,374,zoe.martinez538,plain:e1f3b3ddccad
375,375,nia.silva913,plain:62d4a9550c74
376,376,kenji.espinoza565,plain:2d1a7fcb2084
377,377,quentin.robinson699,plain:f76c08d76522
378,378,daniel.foster414,plain:d44bd610ccd4
379,379,olivia.romero107,plain:8de50fbc0fdc
380,380,talia.garcia607,plain:bf763a2f26b4
381,381,marisol.velasquez728,plain:f3eb50fbf7c7
382,382,dolores.velasquez148,plain:3571a449f128
383,383,sebastian.washington781,plain:fa0874e40db5
384,384,gavin.santos518,plain:8cfa2a3d68d4
385,385,valeria.santos379,plain:76e8a59fb8d7
386,386,daniel.gutierrez159,plain:259602cf2c0c
387,387,dolores.santos935,plain:b22d76cf7a55
388,388,paloma.santos323,plain:163f522fc430
389,389,hector.foster500,plain:f88d5812a1bf
390,390,yara.dominguez505,plain:16a7dd513bfe
391,391,nadia.hernandez118,plain:16b51ede6f90
392,392,carla.hernandez344,plain:cfb6b7aa9842
393,393,talia.ibarra26,plain:3b1bdbb979aa
394,394,rosa.young284,plain:2baf00af2e35
395,395,andre.acosta963,plain:3caac4a8138d
396,396,yusuf.acosta452,plain:748dd2150843
397,397,imani.patel739,plain:b8b5623713c4
398,398,olivia.young104,plain:c2688dbb036b
399,399,hana.young816,plain:1b575aae9bff
400,400,renata.dominguez979,plain:474008eb67a3
401,401,quentin.espinoza201,plain:06cc6e0d17f6
402,402,noor.santos74,plain:13562ec68c0f
403,403,victor.patel873,plain:f41a1c714a87
404,404,gabriela.gutierrez917,plain:210fc554bc31
405,405,valeria.begay136,plain:9cffd93efdd3
406,406,alma.espinoza668,plain:639b3b989168
407,407,elijah.garcia428,plain:528feec74c00
408,408,adrian.ortiz242,plain:56db704f78f7
409,409,imani.valdez39,plain:63c1e75f7674
410,410,javier.valdez910,plain:f118496f8014
411,411,kenji.romero140,plain:b1dde87f650f
412,412,nathan.romero115,plain:341fc84de430
413,413,carlos.ibarra133,plain:871e8168d052
414,414,talia.ibarra681,plain:77d8c1370560
415,415,marcus.padilla655,plain:e23b2ea114de
416,416,aaliyah.torres512,plain:1fe7d2ddae8a
417,417,yusuf.acosta681,plain:c1dcb74cc8ea
418,418,nia.jackson371,plain:d194ec91e199
419,419,sebastian.castillo768,plain:5c4f83051f6b
420,420,kaya.castillo473,plain:a34046430e99
421,421,jonah.silva465,plain:fbe26f00e62b
422,422,daniel.silva171,plain:99412bb4c8ff
423,423,hana.salazar901,plain:272532778a13
424,424,celeste.washington493,plain:5b9d5adcb640
425,425,elijah.yazzie231,plain:67b639ca505e
426,426,esperanza.silva350,plain:c71fadbc9183
427,427,adrian.velasquez411,plain:87aa6f509c29
428,428,marisol.velasquez264,plain:c494f476b400
429,429,wren.vargas838,plain:fc8fa6310db7
430,430,lucia.sanchez80,plain:8c2f7f30f7d7
431,431,zoe.young118,plain:553c2b8fc7c6
432,432,beatriz.salazar831,plain:0670cc47d319
433,433,kenji.salazar422,plain:3909266ec7ff
434,434,celeste.washington117,plain:b061d2e57afb
435,435,imani.washington968,plain:230c7d4e55b8
436,436,leon.cruz991,plain:b70eef137d33
437,437,ana.vasquez97,plain:d30a20d10b61
438,438,marcus.nguyen211,plain:5db5070243ef
439,439,yusuf.ibarra866,plain:1ef108a87e80
440,440,serena.flores821,plain:cdf30960ab89
441,441,valeria.medina742,plain:9d4fa9b1ef6d
442,442,nathan.vasquez559,plain:1393013344ce
443,443,nathan.vasquez315,plain:43433fbef04f
444,444,quentin.vasquez910,plain:0d3f68051ff5
445,445,wren.rivera218,plain:83ee5adecff5
446,446,samuel.valdez239,plain:788bfeac4407
447,447,kenji.ramirez653,plain:dc3c46304c69
448,448,samuel.robinson115,plain:f48480359e92
449,449,esperanza.robinson370,plain:f963a2c0002c
450,450,talia.jackson579,plain:6398c5c2bdae
451,451,beatriz.cruz261,plain:d30f896ac74e
452,452,hector.kim483,plain:b8bdfcc32421
453,453,lucia.jackson35,plain:c0d5347f8264
454,454,renata.patel793,plain:18e7864452e2
455,455,owen.vargas149,plain:ded4a2e82bb8
456,456,celeste.silva899,plain:10082e8dfdae
457,457,nia.yazzie307,plain:eceab9639a96
458,458,sebastian.castillo813,plain:fb3772d85b69
459,459,felix.santos901,plain:f267df7fb129
460,460,rafael.castillo66,plain:5ef24ff043bc
461,461,tomas.mendoza841,plain:c622aa7ca796
462,462,tanya.tsosie443,plain:5ff8f7275ff4
463,463,elijah.mendoza644,plain:40392726f643
464,464,marisol.mendoza470,plain:9de90c340585
465,465,aaliyah.jimenez30,plain:f0fe233a34ad
466,466,serena.jimenez208,plain:ea8747d9aafa
467,467,javier.romero928,plain:281e18347003
468,468,isaac.foster473,plain:235c4e597175
469,469,felix.vasquez602,plain:cf78905aa15d
470,470,adrian.chen577,plain:9eacab43e854
471,471,diego.rivera413,plain:d86283154ff4
472,472,gabriela.williams656,plain:24e07047e14f
473,473,yusuf.valdez162,plain:701b8ec4ba74
474,474,serena.medina924,plain:73ae1365b9b9
475,475,adrian.young930,plain:967435822cf6
476,476,ana.chavez254,plain:21441e583b88
477,477,beatriz.ortiz236,plain:b37559ea50b0
478,478,andre.flores655,plain:093886064da8
479,479,javier.flores849,plain:4b08f5e0d772
480,480,olivia.chen556,plain:1dee802fd43d
481,481,daniel.acosta281,plain:2094d8e8da44
482,482,felix.morales429,plain:425ab23aa7d8
483,483,gavin.morales149,plain:3b4f07fe613a
484,484,rosa.flores852,plain:201ab48c732e
485,485,nia.delgado869,plain:ced8d44c7526
486,486,uriel.salazar562,plain:66099997940a
487,487,miguel.salazar790,plain:857cf47df15f
488,488,yara.jackson788,plain:d5128292a34b
489,489,kenji.lopez486,plain:e8637a372acf
490,490,gavin.tsosie768,plain:9711ddb60420
491,491,nadia.hernandez809,plain:fc16ee3ee178
492,492,talia.hernandez660,plain:d3ecffa59a01
493,493,marcus.chavez150,plain:ed2374751158
494,494,adrian.begay148,plain:3ddb52a9aebb
495,495,miguel.begay918,plain:7b9498b740a4
496,496,rosa.ramirez163,plain:93c529faa068
497,497,wren.lopez6,plain:3ea42d056dc3
498,498,victor.hernandez211,plain:67c988697af0
499,499,sebastian.ibarra770,plain:b747c31290cc
500,500,valeria.washington907,plain:306a772d564f
501,501,felix.bennett425,plain:f723380f3d7c
502,502,yara.torres802,plain:9b40bff9ec3f
503,503,ana.jimenez968,plain:6f8f42cc64b3
504,504,lena.vargas954,plain:a28b7305d0dc
505,505,ana.garcia808,plain:019d9c6a15d0
506,506,andre.torres774,plain:437c6a4ecc62
507,507,tanya.acosta275,plain:7813f89e5e54
508,508,alma.rivera637,plain:0ecfe895c600
509,509,nia.gutierrez350,plain:ebfb32ec22af
510,510,serena.valdez93,plain:7aaed1e7249e
511,511,diego.singh334,plain:1c79d54db103
512,512,felix.romero983,plain:88ad1fc3bae9
513,513,diego.lopez849,plain:4f31b55e3a71
514,514,alma.perez497,plain:09081f28b140
515,515,jonah.vargas868,plain:fd90b4df881a
516,516,beatriz.vargas27,plain:c53ff0a36176
517,517,nia.velasquez621,plain:917885507a39
518,518,daniel.flores124,plain:ed321ea47d1f
519,519,sebastian.begay180,plain:11ad69802cf3
520,520,isaac.silva726,plain:8f59d79bbd1e
521,521,valeria.washington495,plain:f9a083f36406
522,522,nathan.washington81,plain:62d5c2cf46b6
523,523,talia.cruz906,plain:ecf6c5f52e53
524,524,ana.dominguez276,plain:c3dcb01431b8
525,525,isaac.delgado669,plain:e8c4cb117512
526,526,zoe.williams68,plain:a16f38e6e472
527,527,andre.singh391,plain:211b3efcbd0c
528,528,lena.cruz908,plain:f1959fb06a22
529,529,adrian.flores901,plain:55bcda055739
530,530,serena.espinoza157,plain:b4dc0c76f082
531,531,quentin.chen989,plain:853ad6e5d260
532,532,lena.perez283,plain:fcdbff7ffbbe
533,533,daniel.perez833,plain:443737c6359f
534,534,yara.gutierrez356,plain:93e11f6ed05c
535,535,daniel.ortiz880,plain:17295a00ee92
536,536,marcus.romero74,plain:0ef7284d36e4
537,537,yusuf.cruz121,plain:9f43db4216a9
538,538,esperanza.vasquez482,plain:87e156d6b43c
539,539,sebastian.gutierrez682,plain:981516a484bd
540,540,lucia.gutierrez762,plain:d739cb8afd88
541,541,imani.castillo829,plain:ade0ce3baab7
542,542,benjamin.silva866,plain:9d926f3f003e
543,543,javier.jimenez17,plain:3e7489bb22f5
544,544,andre.jimenez176,plain:d41e21fb2d0d
545,545,daniel.ramirez823,plain:a2563dd08e07
546,546,victor.ramirez938,plain:0cd9dfbc0c45
547,547,beatriz.medina138,plain:135a7e14c9ae
548,548,renata.medina163,plain:d75085042122
549,549,isaac.gutierrez840,plain:ad8337cdbb03
550,550,dolores.gutierrez642,plain:39c466099d07
551,551,owen.garcia724,plain:f5cc25cb5081
552,552,carla.ibarra731,plain:32caeea9e9cd
553,553,samuel.begay712,plain:b72342a6329a
554,554,daniel.vargas65,plain:83e3b208812c
555,555,wren.vargas670,plain:488aa59b6f81
556,556,nathan.martinez108,plain:eaea6289d4c0
557,557,alma.tsosie462,plain:642391d14e23
558,558,diego.robinson473,plain:8c32bf2f2855
559,559,benjamin.padilla639,plain:039d66be74c4
560,560,sebastian.castillo127,plain:e73359f3ceba
561,561,lena.castillo418,plain:4c71f0bf4527
562,562,carlos.velasquez229,plain:d5657eef8e21
563,563,paloma.velasquez711,plain:b6c98067999e
564,564,gabriela.ramirez648,plain:883337d940a2
565,565,renata.ramirez849,plain:c2af034b5f29
566,566,samuel.medina915,plain:a7ca06626b74
567,567,wren.medina160,plain:11882674160e
568,568,talia.kim573,plain:fd8f4d324777
569,569,esperanza.delgado305,plain:3cb27f1c7274
570,570,serena.delgado982,plain:3fb84748b0b3
571,571,xavier.vasquez479,plain:f5e3597d4f11
572,572,aaliyah.nguyen494,plain:90dc42bcdbba
573,573,tomas.nguyen637,plain:734c3110866b
574,574,hana.martinez201,plain:b2ea4ce3f56b
575,575,alma.dominguez970,plain:3b63812a4ad1
576,576,imani.kim533,plain:7d75fcc540e6
577,577,yara.kim619,plain:81db5cef9559
578,578,jonah.silva784,plain:a328ce7600db
579,579,omar.silva546,plain:40e98d34a579
580,580,kenji.singh830,plain:a6d85fdce7ee
581,581,rafael.singh112,plain:f1839bc4ec91
582,582,daniel.bennett896,plain:4b560b1315e0
583,583,diego.singh611,plain:fa3804a74ad0
584,584,wren.velasquez84,plain:8c387a06e73a
585,585,gabriela.ramirez357,plain:c0c952fa9f8c
586,586,tanya.castillo580,plain:f7c2a92a2f63
587,587,andre.castillo167,plain:0370c1611939
588,588,benjamin.valdez577,plain:6a1fe2cf929b
589,589,benjamin.ortiz159,plain:c05b53d39386
590,590,elijah.foster697,plain:01f3440ab565
591,591,kenji.robinson697,plain:3f7deb7ee923
592,592,sebastian.medina952,plain:6cfbf06aa143
593,593,sebastian.cruz820,plain:93ec61d21d9c
594,594,paloma.mendoza198,plain:839509e137ba
595,595,wren.garcia310,plain:4d377c7499a0
596,596,alma.williams751,plain:461c06d33ebb
597,597,jasmine.medina973,plain:c385721977c9
598,598,talia.acosta72,plain:5f739c6dc2c2
599,599,elijah.acosta853,plain:faf10f89b4ee
600,600,carla.jimenez359,plain:67a262d32502
601,601,tanya.kim699,plain:5414fd6ea3c3
602,602,carlos.velasquez323,plain:7af63234c807
603,603,olivia.velasquez155,plain:9027b6af5c66
604,604,serena.williams691,plain:7687fe4fcc68
605,605,olivia.mendoza165,plain:7a17133f967c
606,606,omar.martinez438,plain:15a707285c30
607,607,alma.torres138,plain:d16f28c0bf2d
608,608,wren.bennett718,plain:6139800d48d2
609,609,carla.perez469,plain:7688442ec1ae
610,610,renata.perez1,plain:1b04815d65d9
611,611,celeste.romero299,plain:ae0c6aa2c768
612,612,xavier.dominguez130,plain:6b182262d82b
613,613,alma.chavez540,plain:e6ec8bfb46e5
614,614,mateo.chavez461,plain:793ae2299bf9
615,615,paloma.williams632,plain:2aeda04042cf
616,616,jasmine.lopez915,plain:ec67e6af33b7
617,617,isaac.vasquez178,plain:fa1945558ffa
618,618,lena.garcia980,plain:4454be0fcc35
619,619,carla.bennett316,plain:3309feb24c0c
620,620,nadia.romero74,plain:3c4d1747c57e
621,621,gavin.ortiz483,plain:37beab0b4741
622,622,celeste.garcia980,plain:e3f798228113
623,623,yusuf.dominguez226,plain:f3505f263eaf
624,624,serena.morales389,plain:2f0be036f34f
625,625,rafael.delgado27,plain:4c89d453aa1d
626,626,kenji.jimenez742,plain:b91174fd4409
627,627,sebastian.velasquez773,plain:777df9780578
628,628,andre.vargas118,plain:8c172f12bde1
629,629,gabriela.ramirez5,plain:3e2b5630e377
630,630,lena.tsosie911,plain:cacf838a30ad
631,631,lena.romero743,plain:e4c9d10d54e7
632,632,carla.hernandez355,plain:dcfe9f58eabe
633,633,valeria.hernandez411,plain:587b2534822a
634,634,kaya.begay793,plain:ea77650c918c
635,635,gabriela.garcia247,plain:ad3b9883798c
636,636,hector.patel625,plain:66abe1eda2f0
637,637,carlos.martinez934,plain:32d7f47229aa
638,638,leon.santos262,plain:dd58218628ac
639,639,noor.ortiz948,plain:6a6deb4b6564
640,640,rosa.dominguez636,plain:d8b193b9564e
641,641,felix.dominguez865,plain:47cde8aa305d
642,642,rafael.sanchez93,plain:663fb1a57a68
643,643,jonah.sanchez196,plain:0aaec0be993b
644,644,andre.ramirez188,plain:84948f16e33c
645,645,alma.reyes382,plain:3a374343ec6d
646,646,marcus.tsosie500,plain:a11980b5593c
647,647,serena.tsosie882,plain:810453c2617b
648,648,nathan.foster68,plain:7bac53cc6e9b
649,649,nia.begay503,plain:3d30932474f8
650,650,carlos.lopez358,plain:6075f6430935
651,651,noor.delgado140,plain:86a6da2dbbe4
652,652,rafael.salazar810,plain:9506e7d766c3
653,653,mateo.romero263,plain:4449aee22d48
654,654,beatriz.romero451,plain:1798ae16eb90
655,655,zoe.washington370,plain:82b70541e39f
656,656,tanya.foster109,plain:458787ea62cf
657,657,benjamin.nguyen433,plain:f3b867a7effc
658,658,mateo.ortiz141,plain:9b53655d5317
659,659,noor.castillo652,plain:aa6e251a6cfe
660,660,yara.singh35,plain:ccfb23a1fa21
661,661,esperanza.dominguez705,plain:d28866561600
662,662,imani.dominguez330,plain:6d2022550cb9
663,663,kaya.chavez604,plain:b0dfa4927036
664,664,victor.chavez643,plain:87af828d9b39
665,665,isaac.ibarra603,plain:2c6daa6f4bee
666,666,quentin.vargas897,plain:27e5f1dbed4a
667,667,sebastian.reyes658,plain:20c9950c8d4b
668,668,ana.begay979,plain:bba82aa67cc3
669,669,uriel.tsosie776,plain:574b38ecbdbf
670,670,mateo.tsosie901,plain:1a52754854a0
671,671,diego.acosta53,plain:26c3c4805d6b
672,672,zoe.delgado188,plain:837621ac3851
673,673,benjamin.mendoza43,plain:1d7027dd9d1f
674,674,lucia.ortiz793,plain:f28fff05e5f3
675,675,celeste.ortiz643,plain:241941820f40
676,676,olivia.delgado823,plain:e9910bab4bb2
677,677,lucia.acosta733,plain:8868f18c989e
678,678,leon.williams845,plain:35b85ca05e1f
679,679,nathan.williams127,plain:63df4ef8ab6c
680,680,kaya.reyes412,plain:278d64bed154
681,681,nadia.reyes909,plain:d152ea930e8a
682,682,kenji.nguyen5,plain:70e9c8f1449b
683,683,gavin.romero397,plain:46fcdbb957cb
684,684,esperanza.foster87,plain:007067a544c1
685,685,dolores.chen382,plain:3722f599339e
686,686,jasmine.williams877,plain:eb64a1556553
687,687,owen.castillo268,plain:67802d8b8be2
688,688,nathan.velasquez357,plain:d521eeb281af
689,689,felix.velasquez298,plain:0ba3b43bbcae
690,690,beatriz.mendoza688,plain:f70bd35aab26
691,691,serena.mendoza672,plain:5113562da841
692,692,hector.young723,plain:9314281494d7
693,693,wren.ramirez581,plain:7144b4e8637f
694,694,marisol.salazar462,plain:f55817f7d74e
695,695,ana.vasquez286,plain:cd2e02bdc929
696,696,marcus.padilla939,plain:57689db6086a
697,697,wren.tsosie455,plain:370e573f318d
698,698,aaliyah.tsosie459,plain:ac9c7b9e9ed3
699,699,carlos.velasquez390,plain:fbf3320afbd7
700,700,valeria.velasquez759,plain:4c51ec04dcde
701,701,rafael.kim124,plain:7ac7d2b24859
702,702,rosa.singh407,plain:eba0bf8b7a02
703,703,beatriz.reyes70,plain:078e4a49ddce
704,704,dolores.reyes108,plain:abd28bdf3342
705,705,beatriz.hernandez7,plain:c938d5017e19
706,706,beatriz.hernandez931,plain:829a2d0bafdc
707,707,kaya.ramirez499,plain:2dd51420e452
708,708,yusuf.mendoza274,plain:157db93584c4
709,709,imani.yazzie890,plain:9ae8a10fdd2f
710,710,leon.rivera625,plain:f61fe835bdc2
711,711,hana.washington553,plain:afa4a7c68081
712,712,talia.washington976,plain:228817ceacb3
713,713,jonah.gutierrez288,plain:31b3865130df
714,714,zoe.acosta93,plain:d1c8d9483cb1
715,715,wren.salazar297,plain:789a9d8a59b1
716,716,imani.perez612,plain:18e718030d27
717,717,quentin.mendoza170,plain:6274067f099b
718,718,serena.valdez278,plain:5ebd83e68857
719,719,isaac.valdez150,plain:8b06d58cbe85
720,720,adrian.lopez330,plain:c242f5187eee
721,721,andre.velasquez413,plain:1f936b9385df
722,722,tanya.delgado796,plain:7e4c8a91dfd0
723,723,zoe.vargas120,plain:2cd8d8bd67c3
724,724,aaliyah.vargas967,plain:891a399841fc
725,725,victor.foster427,plain:ded350cbc53d
726,726,nadia.gomez11,plain:e3fb7976e2eb
727,727,hector.rivera299,plain:247d11e09f8c
728,728,owen.singh972,plain:f984abe01705
729,729,victor.begay685,plain:29a5c2645e14
730,730,valeria.morales510,plain:d15310a9c841
731,731,imani.yazzie911,plain:fec16ed1fe99
732,732,hana.valdez745,plain:b7ebbbd4438a
733,733,mateo.washington970,plain:a01e85dd17f0
734,734,quentin.begay612,plain:70ceaa8f6004
735,735,yusuf.foster867,plain:9937536c8500
736,736,gavin.foster911,plain:f9a61444e8a3
737,737,olivia.chen122,plain:0e6f74558e91
738,738,elijah.singh132,plain:06e20551fac4
739,739,daniel.torres376,plain:ca51770b10a3
740,740,zoe.jackson667,plain:55b0a81180c2
741,741,dolores.chavez651,plain:18d4a42916dd
742,742,benjamin.jackson253,plain:4624a899407a
743,743,carla.garcia954,plain:e73649f2d3e3
744,744,carlos.vasquez215,plain:06dfcc5a52ba
745,745,miguel.medina235,plain:07b348fc2157
746,746,andre.castillo196,plain:8bedfb83cebd
747,747,quentin.acosta705,plain:8bde78334c3f
748,748,quentin.morales999,plain:88ce1f067191
749,749,zoe.morales164,plain:9e38deb3f1e4
750,750,lucia.reyes552,plain:241d31d2cca9
751,751,elijah.flores681,plain:4d2cb74d66d7
752,752,noor.jimenez947,plain:ae4e3dc15d4f
753,753,felix.medina777,plain:e903f20deefe
754,754,javier.begay813,plain:9a9aa3d3a52e
755,755,lena.salazar119,plain:62074e966ca1
756,756,lena.jackson349,plain:9608a177c433
757,757,leon.cruz778,plain:cb79fb95be47
758,758,gabriela.cruz344,plain:2e7925db97df
759,759,tanya.yazzie217,plain:209a507d21b6
760,760,samuel.morales904,plain:21aa7317d545
761,761,noor.santos950,plain:0c11c0f0184b
762,762,valeria.santos491,plain:ad1c077194ec
763,763,jonah.ortiz664,plain:aa6446238fee
764,764,carlos.washington884,plain:77eb9271df96
765,765,alma.vasquez729,plain:87b01545c8e7
766,766,hector.yazzie430,plain:734cdfcf5908
767,767,samuel.silva365,plain:e621d3067ef8
768,768,quentin.sanchez578,plain:0f6733dd8a03
769,769,gavin.dominguez63,plain:50783c87b194
770,770,quentin.dominguez726,plain:99595cf4b845
771,771,rafael.patel857,plain:506fd8f872d6
772,772,nia.patel864,plain:340bb32e569a
773,773,beatriz.chen857,plain:a10d408ac051
774,774,quentin.morales790,plain:5fe1c5ec5abd
775,775,imani.patel806,plain:7ecf0ea43f1d
776,776,serena.patel663,plain:5b1c6bf44fbe
777,777,lena.dominguez583,plain:911db23a2b0a
778,778,zoe.patel53,plain:f93abecb1ba4
779,779,xavier.medina703,plain:b111625a4a3b
780,780,lucia.torres610,plain:661701e01ef5
781,781,dolores.silva721,plain:40d808c1237a
782,782,samuel.gomez714,plain:b75a9cf293df
783,783,wren.gomez955,plain:113726e4da93
784,784,celeste.reyes809,plain:e4ef1ea96f30
785,785,kaya.reyes712,plain:6f370a50ee34
786,786,lucia.silva420,plain:f6b16548ade8
787,787,carlos.silva687,plain:104136665f51
788,788,nia.jackson139,plain:4bd1d2a26c2c
789,789,alma.jackson461,plain:e630fca0c190
790,790,marisol.hernandez43,plain:9b594af7fb20
791,791,olivia.dominguez209,plain:2322137412ed
792,792,rosa.jackson925,plain:eb2a12d25e5f
793,793,andre.jackson3,plain:6d3e3b1edd4f
794,794,nathan.chavez669,plain:9ffe249b3533
795,795,celeste.chavez931,plain:49d21a535a92
796,796,felix.gutierrez908,plain:7fa4eb1bbf38
797,797,celeste.gutierrez715,plain:9dd0dfae7298
798,798,benjamin.washington829,plain:502a510fe27f
799,799,benjamin.jimenez107,plain:892a81196156
800,800,nadia.jimenez650,plain:45fd048a937b
801,801,andre.cruz984,plain:27733557775f
802,802,quentin.cruz360,plain:2d94f8512ef6
803,803,yara.santos751,plain:989756c9afe0
804,804,yara.romero256,plain:361ce9043d1f
805,805,alma.vargas198,plain:de59c6ff5c7f
806,806,marisol.vargas413,plain:70a8ac96ab1c
807,807,alma.vargas298,plain:4233daa34864
808,808,zoe.vargas251,plain:21b06d612519
809,809,noor.padilla440,plain:48cd0d4c39cc
810,810,victor.lopez183,plain:9da5628e2d8d
811,811,felix.espinoza812,plain:6a4f92a8a602
812,812,javier.reyes849,plain:e34c6bfc6ba5
813,813,olivia.perez826,plain:bd0fd4e72b8b
814,814,jonah.perez524,plain:1d0c8271f47c
815,815,aaliyah.ibarra109,plain:87895fcb362b
816,816,elijah.tsosie798,plain:c39effc758ce
817,817,renata.rivera864,plain:1ca08c1fa7ec
818,818,yara.rivera439,plain:6c289cbb53de
819,819,owen.ortiz893,plain:4ca2e7188a0e
820,820,ana.ortiz503,plain:4d325cc382f4
821,821,andre.lopez333,plain:5dc8121ebecc
822,822,gavin.lopez120,plain:3454fabb5b2f
823,823,mateo.williams21,plain:0eb807af18b1
824,824,celeste.dominguez746,plain:14515d2b18e1
825,825,tomas.dominguez756,plain:91654e86a4dd
826,826,imani.cruz906,plain:1693587940bd
827,827,nathan.ortiz725,plain:78916c5501e0
828,828,victor.yazzie36,plain:cdb1a27ecf58
829,829,valeria.garcia103,plain:4c3366d58290
830,830,quentin.singh776,plain:a2bbaa1fd379
831,831,yusuf.castillo501,plain:1edc07f0ab63
832,832,leon.santos395,plain:48e72643f464
833,833,omar.ibarra423,plain:77e19dfee0f0
834,834,tanya.ibarra314,plain:7765b4109eb7
835,835,mateo.kim507,plain:c01c973e8cf2
836,836,noor.singh988,plain:7c9ba5e7d0fb
837,837,talia.santos481,plain:5f71fb72f466
838,838,leon.williams605,plain:53d63b538c39
839,839,noor.williams663,plain:6f3b465ddebe
840,840,noor.acosta128,plain:764cd3c09bb5
841,841,imani.acosta615,plain:2982d623d254
842,842,dolores.hernandez870,plain:6c2b476f5107
843,843,leon.hernandez941,plain:70d7a7e87855
844,844,olivia.rivera367,plain:826184194bec
845,845,kaya.foster358,plain:a8b2134c28a0
846,846,yara.ortiz7,plain:950cd68546a6
847,847,owen.ortiz906,plain:6ddabeec221d
848,848,talia.foster952,plain:2ce86c0290f9
849,849,tomas.ibarra428,plain:099226c82adf
850,850,lena.tsosie293,plain:358660a6d067
851,851,hector.torres621,plain:32b8df2f5011
852,852,marcus.torres303,plain:01bfe412ca56
853,853,samuel.morales762,plain:0bffc61ca385
854,854,diego.rivera310,plain:e431a482ab52
855,855,adrian.gutierrez135,plain:d7cb9197295c
856,856,aaliyah.sanchez592,plain:455bcbcf64da
857,857,andre.espinoza22,plain:7ac8d1eeeb5c
858,858,andre.romero774,plain:68b0dc8020dc
859,859,imani.romero659,plain:74ea7d27c0a1
860,860,samuel.ibarra105,plain:e789bfb5e061
861,861,hana.perez108,plain:6a8d1a8b0205
862,862,ana.rivera211,plain:4c8e579dc2a4
863,863,tomas.washington369,plain:6dd5a2d0bef4
864,864,nathan.washington837,plain:8b616c486a3a
865,865,dolores.ramirez937,plain:c8064c7ad98e
866,866,lena.gutierrez769,plain:0eb38e39e062
867,867,andre.chavez327,plain:26b61ca665c8
868,868,tomas.patel18,plain:74dd250b32b5
869,869,zoe.acosta178,plain:28036067093f
870,870,talia.gomez386,plain:13a4d1ebce44
871,871,diego.singh384,plain:caed86dba19d
872,872,esperanza.castillo815,plain:cad195edf786
873,873,serena.castillo889,plain:64d4c8d9aa30
874,874,leon.cruz992,plain:f66c89479af7
875,875,yusuf.cruz788,plain:6e43286f7692
876,876,lucia.mendoza436,plain:b422feee2c08
877,877,marisol.rivera955,plain:b3d95c6b5f8c
878,878,esperanza.silva969,plain:d0b9273b746d
879,879,andre.salazar199,plain:e9d66f20e08b
880,880,gabriela.salazar87,plain:e4e1ed592bfc
881,881,lucia.gutierrez868,plain:382312a334f3
882,882,xavier.gutierrez672,plain:386718cee22a
883,883,nathan.reyes200,plain:748728694fb5
884,884,jasmine.reyes651,plain:714eb528f2a2
885,885,jonah.medina524,plain:a0a7280bd52f
886,886,isaac.medina805,plain:d0b2f01e64cd
887,887,marisol.foster552,plain:a60f6cfbfd3f
888,888,nia.foster60,plain:0931c165ad01
889,889,yusuf.rivera55,plain:8b44497862fc
890,890,lucia.silva527,plain:fdd22a73176b
891,891,xavier.vargas669,plain:4b2ba896bbee
892,892,celeste.perez267,plain:efa52b45fa03
893,893,samuel.ortiz68,plain:405283fc2c8f
894,894,alma.robinson367,plain:387e44a81f74
895,895,victor.young3,plain:b7a27a054eda
896,896,wren.young952,plain:fb53abb073db
897,897,celeste.robinson869,plain:e0a87ff4c58a
898,898,hana.robinson454,plain:e4326ce79c12
899,899,olivia.ramirez147,plain:2b243c3759c6
900,900,daniel.delgado280,plain:17d3c9460bac
901,901,alma.kim974,plain:958e75147ed9
902,902,serena.young688,plain:a50ad3a296dd
903,903,samuel.young478,plain:676fb4cfade8
904,904,jonah.velasquez95,plain:83b6574bfc6e
905,905,hector.gutierrez221,plain:98bcff9b24f4
906,906,rafael.robinson969,plain:0898b6b2bf53
907,907,carlos.chavez711,plain:80a00c7ecddb
908,908,leon.acosta718,plain:1b3c7e99c25c
909,909,kaya.silva75,plain:75a02b165909
910,910,victor.silva835,plain:6cdaee3ac31b
911,911,carla.torres320,plain:5441a26c888e
912,912,hana.torres331,plain:e1355f907876
913,913,serena.hernandez475,plain:9dce8005d821
914,914,sebastian.martinez934,plain:5346e2b0c147
915,915,alma.ibarra523,plain:44a1c347f03b
916,916,nadia.ramirez755,plain:e8fa3276d7be
917,917,kenji.chen910,plain:620033c8ce0e
918,918,benjamin.martinez73,plain:aeac947b700d
919,919,serena.reyes906,plain:224b29ada6a0
920,920,daniel.rivera381,plain:9727941a4640
921,921,andre.foster347,plain:c26866f004f2
922,922,miguel.begay375,plain:6c51c497be80
923,923,dolores.garcia641,plain:51c53f76bc1a
924,924,adrian.garcia393,plain:8d9c5fa9ad1c
925,925,benjamin.silva749,plain:80f7b70671cd
926,926,quentin.chen922,plain:4fd5c77f6dff
927,927,aaliyah.singh128,plain:a91e77b133e8
928,928,sebastian.singh731,plain:59b15edd40e5
929,929,ana.washington174,plain:f43ea329dd54
930,930,olivia.vargas736,plain:9397741947c1
931,931,dolores.mendoza745,plain:6a46f141397f
932,932,renata.torres24,plain:c11fd3559304
933,933,felix.flores928,plain:0f9eabef48e5
934,934,rosa.young8,plain:5b016efa97cd
935,935,nadia.young848,plain:2c5f6bb2c5cd
936,936,jasmine.washington23,plain:ea9bff4cd422
937,937,elijah.acosta726,plain:fac6322b59c0
938,938,renata.robinson707,plain:001f7b6da65a
939,939,yusuf.medina671,plain:1f14d49b89f9
940,940,rosa.delgado876,plain:2711e5287e1c
941,941,nadia.mendoza936,plain:f10dd4b0175b
942,942,quentin.ramirez696,plain:9a3111d34e72
943,943,ana.salazar153,plain:86528a20827e
944,944,serena.ramirez166,plain:fe66f043ce01
945,945,quentin.medina710,plain:9b7bcb867c0b
946,946,kaya.rivera163,plain:185b6f1f7e51
947,947,rosa.vasquez889,plain:1f46590b9a5f
948,948,imani.yazzie106,plain:130baa4d1011
949,949,owen.rivera27,plain:1a41bf74fa99
950,950,marisol.salazar415,plain:bf38bf44b7a4
951,951,gabriela.salazar57,plain:16ce420d4027
952,952,zoe.hernandez60,plain:cb78f41c84d9
953,953,leon.hernandez73,plain:ab837517843e
954,954,kaya.castillo454,plain:e1025ca91d0a
955,955,lena.castillo82,plain:fac0a8cfe840
956,956,tomas.vasquez795,plain:8d0fe9ebf730
957,957,victor.vasquez824,plain:49d4593b7e4c
958,958,jonah.flores967,plain:56d01705a8ff
959,959,tomas.jimenez304,plain:e759437cd0c5
960,960,marcus.morales27,plain:72cfcd8c1e81
961,961,gavin.begay665,plain:72578f5b1dbd
962,962,isaac.williams858,plain:873add06eef5
963,963,jasmine.martinez41,plain:7ae61ec57629
964,964,serena.silva612,plain:67051d223e3d
965,965,lucia.singh836,plain:4ed5f50f0c16
966,966,leon.silva856,plain:42bd1ae2445c
967,967,lucia.reyes16,plain:34415807c7df
968,968,daniel.martinez981,plain:0947655aafe2
969,969,lucia.reyes690,plain:d26bf1ef6235
970,970,lena.garcia218,plain:6ce249571a63
971,971,miguel.patel15,plain:bdb9acf6b049
972,972,marisol.patel792,plain:f7bf7e25402f
973,973,lucia.garcia484,plain:e8f84cbc724a
974,974,noor.salazar526,plain:32189dbd1926
975,975,omar.washington130,plain:b677aa7e6515
976,976,talia.morales958,plain:87e61524cd67
977,977,victor.williams443,plain:91150ea2fc6e
978,978,omar.begay340,plain:8e317c2447a5
979,979,elijah.jimenez519,plain:e9b20e04cc6a
980,980,imani.kim694,plain:eae8b2ac51f0
981,981,rosa.kim419,plain:2357767bb177
982,982,tomas.jimenez819,plain:13ebb4740ce4
983,983,imani.young120,plain:3f3cf38b3b7d
984,984,noor.jackson775,plain:cdc92355619b
985,985,esperanza.jackson540,plain:cbd67b44addc
986,986,talia.begay339,plain:e35fa01e678b
987,987,carla.begay552,plain:a5f2ec4432d3
988,988,lucia.padilla200,plain:4da6717604a9
989,989,ana.delgado69,plain:23d00e24eaaa
990,990,dolores.jimenez684,plain:fd73c39bcc7a
991,991,marisol.mendoza652,plain:3ac467dcb3f6
992,992,isaac.foster22,plain:b303ddebfaa5
993,993,gabriela.ortiz346,plain:8bb0bf645385
994,994,tomas.chen784,plain:4cf70f9de76b
995,995,celeste.patel957,plain:0f24e7817fe4
996,996,hana.young135,plain:c34433002ca1
997,997,marisol.kim397,plain:01777cf802d7
998,998,xavier.velasquez115,plain:b8382f1058ea
999,999,benjamin.torres93,plain:87285fc501d2
1000,1000,marisol.dominguez726,plain:8de5d7c9c7cf
1001,1001,owen.singh725,plain:015dc7361d48
1002,1002,quentin.washington31,plain:2e099721b084
1003,1003,hector.delgado977,plain:214eafb535fc
1004,1004,hana.nguyen555,plain:5f5f53d37130
1005,1005,jonah.robinson539,plain:65738d3bf86f
1006,1006,gabriela.robinson930,plain:d5fe7ee29463
1007,1007,valeria.castillo215,plain:c45cfe1753aa
1008,1008,nia.castillo710,plain:63b874688608
1009,1009,hector.vasquez440,plain:c2b21344c4e5
1010,1010,owen.romero153,plain:30bb0aa41f37
1011,1011,wren.medina7,plain:e36a0ff9c767
1012,1012,olivia.dominguez614,plain:638e147f6a29
1013,1013,mateo.gomez260,plain:0ab88e2c9a12
1014,1014,miguel.tsosie620,plain:76c0ec648628
1015,1015,omar.garcia856,plain:ed933231c3a8
1016,1016,quentin.vasquez587,plain:2907d4f0c269
1017,1017,owen.washington71,plain:f27441c14ed7
1018,1018,carlos.begay546,plain:70fc48067866
1019,1019,adrian.patel290,plain:8d87a9871b7e
1020,1020,marcus.young415,plain:9de2d2e5ab4f
1021,1021,lucia.espinoza513,plain:9a2e374ded61
1022,1022,adrian.torres470,plain:a01c637adb14
1023,1023,owen.torres93,plain:1996f7febdb2
1024,1024,victor.silva66,plain:79b254972edf
1025,1025,adrian.ramirez274,plain:2c06ec4e756a
1026,1026,carla.nguyen828,plain:cc49972e7f8f
1027,1027,rafael.yazzie350,plain:191cba46106d
1028,1028,serena.tsosie281,plain:ffe2f9d637e0
1029,1029,marcus.tsosie205,plain:3c8093386a57
1030,1030,sebastian.romero147,plain:a287576e259e
1031,1031,rosa.torres516,plain:4d208430d673
1032,1032,esperanza.robinson344,plain:65b173754214
1033,1033,nia.kim404,plain:f006b4487c1b
1034,1034,gabriela.kim837,plain:9586fd1e8cfd
1035,1035,valeria.nguyen336,plain:5798cedc2966
1036,1036,kaya.foster337,plain:3139c031859e
1037,1037,lucia.bennett243,plain:b69688553744
1038,1038,nathan.kim948,plain:b1ddac9d08ad
1039,1039,omar.williams468,plain:8de2e371b886
1040,1040,wren.salazar288,plain:168b8ae4ca94
1041,1041,alma.salazar661,plain:417b39774ca1
1042,1042,andre.foster325,plain:01b118d22cba
1043,1043,tomas.williams120,plain:c284f4cb5962
1044,1044,tomas.sanchez363,plain:bdd16b8decef
1045,1045,mateo.sanchez880,plain:610def7b4557
1046,1046,esperanza.washington794,plain:0e629cad15d1
1047,1047,elijah.bennett334,plain:f0e9eebe03c5
1048,1048,hana.castillo425,plain:fcf909be81f4
1049,1049,elijah.bennett54,plain:d8a30010d401
1050,1050,mateo.jackson43,plain:adb6f0c306f6
1051,1051,hana.delgado426,plain:f1bfb565a1a3
1052,1052,kaya.nguyen33,plain:44280fce0c04
1053,1053,valeria.foster878,plain:3d9f33f23df1
1054,1054,noor.foster155,plain:5d668bf785da
1055,1055,olivia.torres100,plain:36ff559a46de
1056,1056,rafael.kim727,plain:b5de340f1b43
1057,1057,jonah.foster675,plain:9eb1a67a48e6
1058,1058,gavin.foster570,plain:15b1ecf96a38
1059,1059,gavin.begay517,plain:122ddb11a98a
1060,1060,isaac.begay759,plain:8815132b3484
1061,1061,victor.cruz788,plain:2a9d540bbf30
1062,1062,carlos.cruz447,plain:0457cb8c3ba1
1063,1063,rosa.yazzie461,plain:fae06d4fb0b2
1064,1064,hector.yazzie341,plain:bb3b29eedcec
1065,1065,gavin.acosta605,plain:d1775026424c
1066,1066,aaliyah.acosta582,plain:281c42b151cf
1067,1067,benjamin.velasquez256,plain:344fc4c6b04c
1068,1068,rosa.romero191,plain:0cede80cd09e
1069,1069,gavin.martinez966,plain:f25e02d98a37
1070,1070,adrian.ramirez18,plain:ab2a210d6bfb
1071,1071,marcus.ramirez877,plain:3b9de8db34e3
1072,1072,aaliyah.begay844,plain:bc1431eec378
1073,1073,tomas.vasquez182,plain:01b9b65a65be
1074,1074,omar.foster266,plain:f58c380d4d8c
1075,1075,adrian.washington171,plain:3a444d1b865c
1076,1076,beatriz.jimenez537,plain:c688421febe4
1077,1077,zoe.nguyen62,plain:75fc2838c71a
1078,1078,valeria.acosta15,plain:cb18fae0a5a3
1079,1079,nadia.vasquez977,plain:ecac912c9fdc
1080,1080,marcus.vasquez438,plain:c661b6a4faf2
1081,1081,kenji.cruz914,plain:a2dbf2f2400a
1082,1082,esperanza.williams288,plain:1a89e4088777
1083,1083,celeste.dominguez607,plain:d345c778b196
1084,1084,serena.castillo747,plain:af8c63f413ef
1085,1085,kaya.castillo802,plain:e0fa04e3748b
1086,1086,jonah.salazar627,plain:2ad1fef19f86
1087,1087,olivia.valdez492,plain:d546fd63e0ff
1088,1088,andre.torres973,plain:f4275cad4bc2
1089,1089,quentin.torres78,plain:d25b2b43651f
1090,1090,wren.jimenez837,plain:2fb6c9a65083
1091,1091,elijah.gutierrez665,plain:73722e5b4ce7
1092,1092,lucia.gutierrez429,plain:21fa062e089f
1093,1093,marisol.chavez350,plain:5f9ddfa5179d
1094,1094,carla.gomez465,plain:9081be2e324e
1095,1095,yara.gomez230,plain:9428a3d314c5
1096,1096,gavin.gutierrez207,plain:534cb5fc961c
1097,1097,celeste.gutierrez984,plain:a15a5d42e7bf
1098,1098,benjamin.padilla532,plain:920ac632fc78
1099,1099,elijah.hernandez363,plain:7c36607ecb58
1100,1100,samuel.gomez572,plain:071c6b6e6100
1101,1101,jonah.gomez512,plain:cef32f01e2d4
1102,1102,tomas.cruz936,plain:facdf9553c00
1103,1103,noor.patel796,plain:d42460ce48a3
1104,1104,celeste.robinson195,plain:7eea26872dba
1105,1105,jasmine.rivera628,plain:664f08b32502
1106,1106,paloma.morales330,plain:a40b412e1400
1107,1107,marcus.delgado223,plain:57fe49ca0a41
1108,1108,lucia.delgado200,plain:919bb527a7ca
1109,1109,hana.lopez340,plain:52f96d373e0f
1110,1110,alma.lopez925,plain:7ae0c158f96e
1111,1111,jonah.silva716,plain:a2f3d60c963f
1112,1112,nathan.espinoza152,plain:98923e7c63f0
1113,1113,andre.dominguez789,plain:50cfd06e7936
1114,1114,kenji.espinoza197,plain:08d33da47a54
1115,1115,adrian.robinson772,plain:75dcc5568401
1116,1116,imani.chen188,plain:c4b9a044ae7d
1117,1117,yara.chen710,plain:620a37063271
1118,1118,leon.cruz240,plain:87404a8dbe9f
1119,1119,victor.cruz647,plain:5945d4b10d02
1120,1120,wren.gutierrez369,plain:5fa2e19227b3
1121,1121,marisol.ramirez510,plain:15f4b56ce0de
1122,1122,jasmine.chen801,plain:8662a8065da1
1123,1123,marisol.padilla955,plain:2e64569a639f
1124,1124,carla.padilla799,plain:12839ffff21b
1125,1125,aaliyah.tsosie575,plain:7477b99123cb
1126,1126,nadia.vargas521,plain:3e4f7a7f52a5
1127,1127,serena.vargas539,plain:a4a514d4ca6c
1128,1128,uriel.espinoza379,plain:8e0bf78441de
1129,1129,mateo.delgado377,plain:e597207654f4
1130,1130,olivia.delgado639,plain:bc9448f2a51d
1131,1131,diego.hernandez21,plain:8cffa5133a0a
1132,1132,jonah.martinez816,plain:531652c46320
1133,1133,valeria.velasquez680,plain:cdffef639ac2
1134,1134,felix.velasquez284,plain:af6c62fddf83
1135,1135,renata.vargas197,plain:3f8d3ea30fb7
1136,1136,hana.vargas492,plain:a714e8990f74
1137,1137,jonah.perez804,plain:acd631941368
1138,1138,renata.padilla495,plain:5cab5cd06ae4
1139,1139,carla.rivera53,plain:ba692e22d93c
1140,1140,andre.flores958,plain:3d0340976866
1141,1141,tanya.jimenez573,plain:e777e06aacdd
1142,1142,diego.tsosie677,plain:2dfea350c7c0
1143,1143,nadia.morales760,plain:f1422ffab623
1144,1144,adrian.vargas727,plain:9c04d25ae42d
1145,1145,diego.washington634,plain:72054d6364f6
1146,1146,noor.castillo377,plain:01b3f7a98674
1147,1147,uriel.dominguez499,plain:ff3e614febb1
1148,1148,renata.robinson162,plain:3b7d8189070e
1149,1149,alma.young634,plain:ad71ddcc9191
1150,1150,wren.yazzie28,plain:506c215810fe
1151,1151,wren.bennett320,plain:52ec0084e8f3
1152,1152,wren.jackson585,plain:2f38a41a4116
1153,1153,yusuf.nguyen950,plain:e02af8dc8056
1154,1154,samuel.bennett865,plain:eab7dea3d98c
1155,1155,kenji.bennett836,plain:5532c5cbb929
1156,1156,omar.romero463,plain:0df723e488aa
1157,1157,kenji.romero568,plain:f17b032b217a
1158,1158,leon.torres930,plain:e8410991c4df
1159,1159,serena.yazzie325,plain:3380e525614f
1160,1160,isaac.espinoza107,plain:7872957f79c2
1161,1161,jonah.robinson811,plain:89c14d8ef2d7
1162,1162,renata.robinson987,plain:cdbd367cb6cc
1163,1163,beatriz.dominguez403,plain:93024f5297ea
1164,1164,sebastian.vasquez730,plain:b731fbd4980d
1165,1165,serena.romero444,plain:32b932db0889
1166,1166,alma.garcia447,plain:03b33bd68c43
1167,1167,lena.ortiz53,plain:521077d2eeac
1168,1168,noor.begay981,plain:b9dc0796e66d
1169,1169,aaliyah.patel148,plain:46c346b06531
1170,1170,jasmine.lopez688,plain:4f8b9476eeb3
1171,1171,elijah.salazar558,plain:005fff7375f5
1172,1172,lucia.salazar941,plain:92bed49d658d
1173,1173,ana.flores817,plain:f6b5a7addbf8
1174,1174,victor.hernandez868,plain:10c7fd69a607
1175,1175,nia.ibarra470,plain:db77a0cd10bf
1176,1176,owen.chavez850,plain:f904bcd2266c
1177,1177,javier.chavez823,plain:9bbdd6449946
1178,1178,yusuf.silva200,plain:37ba75dfad10
1179,1179,kenji.williams460,plain:a7d76fc7b9f2
1180,1180,gavin.williams264,plain:9673330045d8
1181,1181,ana.ibarra296,plain:1ab6cbec6333
1182,1182,olivia.garcia84,plain:1455f2120cb8
1183,1183,valeria.yazzie560,plain:35c78f5b570c
1184,1184,valeria.vargas174,plain:5942f418f09d
1185,1185,nia.espinoza304,plain:5d3602d5fb0a
1186,1186,nathan.foster985,plain:2b61f6f2cb5f
1187,1187,felix.perez374,plain:0423e35f6139
1188,1188,omar.foster278,plain:e8896eb36b3c
1189,1189,javier.foster483,plain:234a620a6604
1190,1190,diego.jackson133,plain:cebe713c7c38
1191,1191,daniel.jackson280,plain:72b057338050
1192,1192,jonah.garcia838,plain:066ad7a132df
1193,1193,xavier.jackson53,plain:95d1a80c3896
1194,1194,imani.martinez100,plain:26a8c71711dc
1195,1195,benjamin.jackson431,plain:2c3b22bdfa1a
1196,1196,olivia.romero394,plain:f112e445f9e6
1197,1197,renata.chavez241,plain:91a355efe182
1198,1198,marisol.perez950,plain:538d14f9f75e
1199,1199,valeria.vasquez790,plain:cdfe1734f8d4
1200,1200,isaac.nguyen188,plain:f7cc46a25f91
1201,1201,alma.nguyen75,plain:3ccd54bf65d3
